Private,Outstate_Tier,Accept_Rate,Grad.Rate transform,Enroll transform_scaled,Top10perc transform_scaled,P.Undergrad transform_scaled,Outstate transform_scaled,Room.Board transform_scaled,Books transform_scaled,Personal transform_scaled,PhD transform_scaled,S.F.Ratio transform_scaled,perc.alumni transform_scaled,Expend transform_scaled
1,1,0.9598162414178658,0.6,0.4270551280924182,0.014037321363229115,0.36167365839408877,-0.7108460423538169,-0.9649047311227198,-0.6015559134161814,1.2594009674266546,-0.28450597673006556,1.0145384422713293,-0.8266459331430416,-0.4911902845996817
1,1,0.9834070184630591,0.56,0.06749302972158819,-0.5356362700608086,0.8755091755569474,0.5356000295479029,1.9092078682257194,1.2868173395019873,0.46996319612552484,-2.132810445242489,-0.4202419837686799,-0.4280822277495932,0.5523695454739012
1,1,0.963730992148772,0.54,-0.37460136212678063,-0.05380243944551488,-0.6859966271599026,0.2945732368219252,-0.5543172169300856,-1.0366968242193562,-0.050895586278434976,-1.2366628241455562,-0.23408902618478558,0.6705747481356811,0.0963933290506731
1,1,0.9705825823463721,0.59,-1.3139670397931267,1.5009466563399394,-0.9638625371085484,0.6892167946594232,0.9967911700198656,-0.6015559134161814,-0.6406704205622914,1.338395507817429,-1.7728851973012414,1.1209307474316548,1.7270030826711484
1,1,0.9473361727085832,0.15,-2.2628783604496503,-0.5356362700608086,0.6609249340901248,-0.675684003065446,-0.21672303859391978,1.5255043585683932,0.46996319612552484,0.11438900095332556,-0.5016538429334375,-2.351209173171575,0.6370519856317154
1,2,0.9936253973169198,0.63,-1.611573322407977,-0.4445261137292046,-0.1647121358836515,0.7623126630478896,1.2431436785354462,-0.21221229980092493,0.46996319612552484,1.1726446266795818,-0.6118165130825998,0.38929155431515833,0.13304702551849806
1,2,0.9868935772993797,0.73,0.019231695988905485,0.7465289976776263,-1.3762687573075725,0.8881873792125339,0.42744315033941294,-0.6015559134161814,-0.7003844510656587,1.0911352648013546,-0.027425033615307834,1.1209307474316548,0.7502919858640509
1,2,0.9693907758414663,0.8,-0.7857048423190623,0.4219935287102227,0.012378823277919504,1.2494105322897204,0.038753636903719246,-2.098947002167742,-1.7930450302866323,0.3261311980112903,-0.667616394516038,0.16380155051923737,0.7802451011603619
1,1,0.9755690142192358,0.52,-1.0761474846781052,-0.1246582726459355,-0.8327613450137035,0.10411392101441878,-0.8919113952662515,0.814104735828437,0.8457502482496358,-1.7871925364962635,-0.6118165130825998,-0.5225483235846493,0.1700312096309352
1,2,0.973854799686241,0.73,-0.017918749867587666,0.7465289976776263,-0.6210203138191404,1.440190335678545,0.9566448352988081,-0.21221229980092493,-1.4177151664263847,0.5460698672134329,-0.667616394516038,0.7379111607058556,0.6391344132924573
1,2,0.9577201395587137,0.76,0.008440602079419853,1.0160356166928368,-1.1831610450957808,1.544304463383301,0.0752503048319534,-1.0366968242193562,-1.4177151664263847,-0.08915672396045982,-1.0729044119739688,1.359193359651638,0.792838727091346
1,1,0.9416543431673013,0.74,-0.5290104960120036,0.7879337615259974,0.4687923464933749,-0.09257131003884048,0.39003406571297294,0.46171793284494866,-0.36557245273349426,-0.8764734093652343,-0.12997996577716855,0.005196793446652558,-0.1552331926571557
1,1,0.9776697078227894,0.68,-0.23177107136359523,1.0160356166928368,-1.4567181701009897,0.6020729313238599,0.177440975031009,-1.0366968242193562,-2.252222626593486,0.3261311980112903,0.3685364548053309,0.8041699820500544,0.2560543141541864
1,1,0.9266402547807051,0.55,-1.1715713715932503,0.014037321363229115,0.8795521569024243,-0.4502951792866339,-0.6546830537327296,0.7576533290616105,1.4804389072512008,-1.92562184382018,-0.723912304162236,0.38929155431515833,-0.09264347159443874
1,1,0.9639735553887979,0.69,-0.818513099800349,-1.3814544035663068,-0.027398471651561625,-0.3546530669145464,0.3854719822219437,-0.6015559134161814,0.32777191958665275,0.2546397465315043,0.22259493397184507,-0.16115831672467945,-0.36666845925411007
1,1,0.9589255236112002,0.59,-0.13298089316151943,-0.2765821067516372,-0.04050668085102755,0.012025689853969505,-0.764173057517432,0.14006267852677254,-0.16919409382526182,-1.4666194037461413,-0.4472668970600722,-0.6202193793009496,-0.13692743259025222
1,1,0.9327735379490367,0.46,-0.4192435557317602,-0.7351455418440702,0.051673687119669784,-0.01430213293615911,-1.1565122377459491,1.9611577778937281,0.20650975010478756,-0.7653656758552486,-0.6118165130825998,-0.24762306969048928,0.6341316414007706
0,0,0.9302189162273445,0.34,0.7874988665898147,0.07910732685573385,1.005454065869841,-1.4534142113460293,-0.6984790552466106,-0.21221229980092493,1.0629289981151344,-0.8764734093652343,2.0541998297499138,-1.7399713895923963,-2.3924274987120455
1,2,0.9884920478973723,0.48,-0.6762379634407862,0.14162489980376075,-1.5745434447288396,1.225183227323683,-0.9320577299873091,-1.0366968242193562,-0.16919409382526182,-0.3478009560656722,-0.667616394516038,0.9969637879758771,2.8359284931508797
0,1,0.9494576925244287,0.7,1.451145658265964,-0.19881088837302718,0.7696520390855585,-0.9015173526907444,-1.6583414217591688,-6.292380741802539,1.0629289981151344,0.6212041952017432,1.05870031373875,-0.6202193793009496,-1.051979100750489
1,1,0.9717442410744,0.65,-0.8232846382867792,-0.19881088837302718,0.5832824359687299,0.2845155315411929,-0.21307337180109637,-1.5298633246327806,0.6222129447052677,-1.138305158415405,-0.2867489047326927,0.31564777154103807,-0.6885623510897071
0,1,0.9770343367442305,0.48,2.163773502084456,0.07910732685573385,2.0092433270669656,-0.7126115611052768,0.4493411510963534,1.0316792316705974,1.1635037051605237,1.0105366220502583,1.1897573766770784,-1.7399713895923963,-1.8724564921987013
1,1,0.8857797842020507,0.54,-1.1132850730390378,1.0853506147965435,-0.3097392694248624,-0.36991286982276916,-0.3973815448386788,-0.21221229980092493,-0.8252639081179262,0.3261311980112903,-0.3132343399731044,0.24051578441296462,1.2454800292557269
0,0,0.9996130718983615,0.48,0.7180089561737669,-0.9632473970109096,0.7091071817435866,-2.103149401199638,-1.5579755849565247,-0.6015559134161814,-0.36557245273349426,-1.0363046161767302,1.3400550128406834,-1.7399713895923963,-1.7666109214216013
1,1,0.9702976640843208,0.88,0.02351733300595436,0.014037321363229115,0.5166013225892315,0.47111248008461304,1.4256270181766169,-0.21221229980092493,-1.7930450302866323,1.4226370270770496,-0.0020211041885737713,0.6705747481356811,-0.4671461757393797
0,0,0.9881657924964709,0.69,1.9502478957540144,0.14162489980376075,1.0842052384302014,-1.060164170038803,-0.38734496115841444,0.46171793284494866,0.965857973988873,0.7742050085597559,0.6983158796054187,-0.24762306969048928,-0.6623569139155148
1,1,0.9608187562113161,0.58,-0.6556478262199281,-0.9632473970109096,0.5491236436707043,0.44836439567130837,0.013205969353955346,0.0722376951669258,-0.47125020715774846,-0.5918736821367875,-0.26036753920755834,0.7379111607058556,-0.19103553887793137
1,2,0.9834120815978578,0.71,0.036270488339945936,0.7040199776136826,-1.2722580543941677,0.7761637627213429,-0.16836495358900955,0.0722376951669258,-0.7718906900699234,0.2546397465315043,-0.2867489047326927,1.3007592989954977,0.2332143797998844
1,1,0.9927069122007354,0.69,-0.4726961894544862,-0.1246582726459355,8.993212093648341e-05,0.23200580338788795,-1.0160000662222477,0.46171793284494866,-0.3227533672101349,-0.532221579309705,-0.9250543695922565,0.6705747481356811,-0.5622426955882721
1,1,0.9749033415952467,0.71,-0.5110863413368013,0.9435688750345109,-1.826992889387576,0.3017458220758268,-0.014166531592220267,-1.0366968242193562,-0.07759917732873126,0.47184625835225513,-0.20791217199585207,0.8694013481225966,0.7257926452092538
1,1,0.9813776983238144,0.48,-1.0761474846781052,-0.5356362700608086,0.36282986474201995,-0.032354677862345665,-0.20303678812083198,1.2868173395019873,0.2528225914658929,-0.9306611974295307,1.9159477356012518,-0.9363288719338067,-0.7165101598214616
1,1,0.9656614911978341,0.65,-0.8873681037728018,-0.1246582726459355,0.27355511723533554,-0.3764679136063722,-0.23497137255803688,-1.0366968242193562,1.3057276802269921,-0.9839382663666959,-0.7522504545885529,0.005196793446652558,-0.9037001368126111
1,1,0.9713844536493029,0.85,0.3373615342252402,0.4219935287102227,0.983679095593155,0.23321596044025827,0.04787780388577779,2.3509115518204147,-0.36557245273349426,-0.4101852162741469,0.9030543062667665,-0.07694055427267435,-0.10617508072943264
1,1,0.9451085839517007,0.71,-1.533602662444388,-0.6322715403590082,-0.07453793437982922,-0.09257131003884048,-0.05248803291686612,-0.21221229980092493,-1.7930450302866323,-1.0363046161767302,-1.1330874544804521,0.9969637879758771,0.26456968403641185
1,2,0.8910483621015879,0.79,-0.5472453100353109,1.2155448884760984,-1.826992889387576,1.9556128238191344,1.6865781938634912,1.2868173395019873,-0.9581951256709409,1.8575054102821151,-0.9250543695922565,0.6705747481356811,1.1505945962764368
1,2,0.9263084991731064,0.91,0.10575624398741944,1.3066550448077032,-0.9080684891288457,1.7065847612876035,3.4365934210223186,0.46171793284494866,-0.7003844510656587,0.6212041952017432,-0.9543351481974107,0.8694013481225966,0.946702062838488
1,1,0.9662211249084229,0.72,-0.5695526283326386,-0.3583432991370441,1.4610349936838805,0.3041345637976175,0.9146736671813388,0.46171793284494866,0.8457502482496358,0.11438900095332556,-0.3132343399731044,-0.9363288719338067,0.1959869023461389
1,0,0.9853938778705534,0.72,1.676740752678989,0.6154419803267769,0.2971022615516465,-1.0124904935883772,-0.39920637823509053,0.46171793284494866,0.24670730593038215,-0.22030027826732773,1.1026215156811021,1.1816573971431557,-0.31078125031062626
1,1,0.9556342119064865,0.73,-0.337788658894916,0.014037321363229115,0.3404861604794741,0.6646451269915112,0.9511703351095729,-1.0366968242193562,-0.8252639081179262,0.2546397465315043,-0.4202419837686799,0.6705747481356811,0.15958929532851326
1,1,0.9802648830987816,0.84,-0.46586420159781955,0.8282901900630332,0.4357784143200446,-0.316717055817952,-1.2842505754947686,1.2868173395019873,0.15913296841419028,-0.022218868116328953,-0.18183580588393602,0.7379111607058556,-0.650723911911253
1,1,0.9618767867330609,0.52,-1.3767989863014911,-0.4445261137292046,-0.5131384050285449,-0.2737276058758462,0.4493411510963534,-2.098947002167742,1.506370595314613,0.2546397465315043,-0.15585877939291692,-1.0511214629583103,-0.29338765027724895
1,1,0.9683446553280943,0.49,0.0019124171252616262,0.31568789235092903,0.4540026501638879,-0.6061873559262974,-0.6327850529757891,0.7576533290616105,-0.5826368072032384,-0.821374902173807,-0.723912304162236,-0.16115831672467945,-0.26996948945229543
0,0,0.9549277837021205,0.46,0.13501083763452393,-0.9632473970109096,0.6278578571991282,-1.7124172604890002,-1.512354750046232,0.814104735828437,0.8457502482496358,-1.0363046161767302,1.3400550128406834,-0.4280822277495932,-2.6577930654850745
1,2,0.9263147078253267,0.55,-1.5057916397069666,0.14162489980376075,-2.869238973147381,2.3877317607351265,-0.23497137255803688,0.46171793284494866,-1.7930450302866323,-1.9579523728333317,-1.0133262702272319,0.8694013481225966,1.4633526010802873
1,2,0.9512955321318127,0.82,0.3018571016649683,-0.19881088837302718,1.014036384710826,0.8735165277168471,1.051536171912217,0.642101346602259,-0.7003844510656587,0.9308486984262934,0.8805682439944778,-0.07694055427267435,0.6410060877123015
1,1,0.9442665608710561,0.63,-0.000272676978846248,0.7465289976776263,-1.1175618032994168,-0.5349227568494793,-0.38095804427097346,-1.5298633246327806,1.417186534959451,0.39853336861820726,0.6055522945644501,-0.3365248808962978,0.5488362486126354
1,1,0.9892095996658411,0.48,-0.918315112238648,-0.5356362700608086,-0.97366773092521,-0.34378325572204205,-0.907422479135751,0.14006267852677254,0.7279353218755003,-0.7653656758552486,-0.5840985345508589,0.6021063932779587,-0.23255549369633616
1,1,0.9825246462625927,0.56,-1.4350340630045726,-0.2765821067516372,-0.6736671759599471,-0.3983842263439191,-0.7094280556250808,-0.21221229980092493,0.32777191958665275,-0.821374902173807,-1.4119253306453647,0.8041699820500544,-0.02906510171876404
1,0,0.9570222714402566,0.35,-1.6015050883228397,-1.0908349754514413,-0.8651123586406806,-1.0922625735156757,-1.3298714104050613,0.46171793284494866,-0.8252639081179262,-0.7084457304095593,-0.556499774788773,-0.721445577368951,-0.2667006502460855
1,0,0.9516216665522236,0.58,0.12728880346258487,-0.9632473970109096,-0.8020085788600493,-1.4329230340453258,-0.8773127280949579,0.7576533290616105,1.522929323655583,-1.4666194037461413,-0.0020211041885737713,-1.1718122270402245,-0.5853824235907553
1,1,0.9531300606920445,0.72,-0.5399134167200171,1.6741083235685321,-0.23001197063436246,0.39178608436416396,-0.029677615461719778,-1.0366968242193562,-0.5826368072032384,-0.022218868116328953,0.048512111340393176,0.9336516237048823,0.07090406109035796
1,0,0.936215490528939,0.51,-1.178251536465894,0.14162489980376075,-1.4785666202426826,-0.9967227011903219,-1.512354750046232,-0.21221229980092493,-0.36557245273349426,0.11438900095332556,0.12363991012089788,2.011433897878199,-0.012355018509675889
1,1,0.9913104083356071,0.53,-1.0227889980864329,-0.6322715403590082,-0.5226441917995538,-0.7970102238151724,-0.006867198006573437,-0.6015559134161814,0.46996319612552484,-0.821374902173807,0.9478355987533421,-2.11482407902758,-0.8422736609605677
1,1,0.9546152366579984,0.58,-0.8722293903175764,-0.19881088837302718,-0.8095555432565085,-0.03872657066572807,-0.3353372093606808,-1.0366968242193562,-0.5826368072032384,0.11438900095332556,-0.12997996577716855,-0.16115831672467945,0.19293828432496374
1,2,0.9556373038354374,0.72,2.1773889038215115,1.0510698573691555,1.4548674643822277,1.7995763421626212,2.237677879579827,-0.4017695734898563,-0.3146971908107628,0.39853336861820726,-0.5016538429334375,-0.4280822277495932,1.5149297012905887
1,2,0.8532733099762578,0.96,-0.14546173267267878,1.872238111247149,-2.185224352349131,1.9126999616330924,1.393692433739412,3.8388163219068634,-0.6406704205622914,1.4226370270770496,-0.6957015181436527,1.9601110701742162,1.8468722727596216
0,1,0.9745615923923006,0.67,1.9523014860604149,-0.7351455418440702,0.8683701643762752,-0.7073171392686919,-0.9174590628160154,0.46171793284494866,0.7279353218755003,0.47184625835225513,1.653336229038679,-0.6202193793009496,-0.5423296808695326
1,2,0.9518184645822593,0.46,-1.2123037783393882,-2.1957072722661115,-1.2114666893029844,0.93369651425361,1.7449728625486658,-0.21221229980092493,-0.5826368072032384,-1.0363046161767302,-0.9837584148677018,0.005196793446652558,1.348929348988014
1,1,0.9880540096859075,0.85,0.833052407198097,0.4219935287102227,0.47364519210106637,0.20287900383509883,0.0752503048319534,4.915882815241768,0.49997187886011557,0.04562970685493284,0.1485070729068463,0.005196793446652558,-0.2493668444644134
1,2,0.9493308197822731,0.84,0.4543845200441552,1.15177663379782,-0.97366773092521,1.9767892371708113,2.1829328776874757,-0.945481853737423,-0.36557245273349426,1.1726446266795818,-1.1029191676436352,0.24051578441296462,1.548022788459813
1,1,0.9506926623151563,0.49,-1.1649333531517205,-0.9632473970109096,0.29065021480353853,-0.11789846471366354,1.388217933550177,-0.21221229980092493,-1.1002883968126078,-0.22030027826732773,-0.027425033615307834,-0.8266459331430416,-1.0082776894063135
1,0,0.9784938036418793,0.18,0.9642147391524848,-1.2295305694606058,0.6263466502935414,-1.733080012309368,-1.8134522604541639,-0.21221229980092493,1.0629289981151344,-0.7653656758552486,-0.3132343399731044,-1.0511214629583103,-1.6480988219376815
1,1,0.9815564198677754,0.58,-1.1849743863876512,-0.5356362700608086,0.2236080594078712,0.052266749883033585,-0.6939169717555813,0.46171793284494866,0.46996319612552484,-1.8231659420179391,-0.18183580588393602,0.38929155431515833,-0.019271431016948812
1,0,0.9651955825469736,0.33,2.379014392988391,1.15177663379782,0.8885540043991098,-2.6334134641350695,-0.7094280556250808,1.7929953754242305,0.04416172390188746,0.11438900095332556,1.5294045294479441,1.3007592989954977,-0.16343084720518855
1,2,0.8562467313740985,0.97,1.1700842563600855,2.085086320983405,0.0939948181245042,2.0037156196928474,1.431101518365852,1.1358532057898219,-0.16919409382526182,1.9472112443045217,-1.8069435101405074,1.2415901320067162,1.8463175878904983
1,2,0.9187927237111904,0.89,-0.4489758384606306,1.765218479900136,-1.7892469728977107,1.7517324776280296,2.1829328776874757,-0.21221229980092493,0.01010019764926086,2.0378277974540593,-0.39332760320959764,1.8031077701223006,1.5786777743143503
1,2,0.9384739163409191,0.93,0.6147427777565958,1.183979623670404,-1.3954277132480621,1.823839887657388,0.3580994812757681,1.5255043585683932,0.01010019764926086,1.5938522229776824,0.09868564613984761,1.0593777708316694,1.1187218636676672
1,2,0.9670242502131238,0.78,-0.5472453100353109,0.5216505890763011,0.24070616652477267,0.7658335072188722,-0.5114336321144105,-0.6015559134161814,-0.47125020715774846,-0.7653656758552486,-1.4119253306453647,-1.0511214629583103,-0.8062073045862228
1,2,0.9809514649439103,0.83,0.39599936525324375,0.867650061028734,-0.43771185983154487,0.7269869830157055,0.26685781145518267,-0.21221229980092493,0.6029801798740657,0.1840590141788492,-0.7807177102110775,0.6021063932779587,0.31009624203885233
1,1,0.9699274647344929,0.71,-0.799640442512309,-1.5493984105438743,0.2463027609667055,0.11650018814688737,1.7267245285845487,-2.098947002167742,-2.8438183072169894,-0.9306611974295307,0.6520746418435466,1.0593777708316694,-0.46027532019582973
1,1,0.9256533386524712,0.55,-0.8523774347051132,-0.4445261137292046,0.6602088708261055,-0.3005507783855955,0.22123697654489,-0.8127385888496008,-0.36557245273349426,0.9308486984262934,0.023290947556070377,0.31564777154103807,-0.1613778429916785
1,1,0.8703048983142038,0.6,-0.6972391084692328,0.014037321363229115,0.22649055038708696,0.6869873265450768,0.8599286652889876,0.5349290271246608,-1.5017625942413981,-0.15518386067745923,-0.36652241012903014,-0.3365248808962978,0.1683424325193999
0,1,0.9201270738311983,0.59,1.2972774866607,1.1189096181778995,0.9593448409877605,-0.7285334018223316,0.47397640194791146,0.5349290271246608,1.1546501705421661,-0.15518386067745923,1.3825022873800406,-0.721445577368951,0.01132408857391707
0,1,0.9619113173467019,0.61,1.1850791291652882,-2.1957072722661115,0.8890503112722902,-0.6332777250578411,0.00955630256113193,0.46171793284494866,0.9852130762363405,1.1726446266795818,1.6738193743679792,-1.299416121431032,-0.40033749141563196
1,1,0.9779190403245019,0.81,0.6751513135023799,0.36972675497060015,-0.48999012781885104,0.04474558073683452,-0.5908138848583198,-1.0366968242193562,0.027201278515800925,0.04562970685493284,0.2471225953874023,1.359193359651638,-0.20851022751834689
1,1,0.9419755018383562,0.63,0.32939690547928574,-0.19881088837302718,0.8637371934702833,-0.678603464586135,-1.4302372472077052,0.46171793284494866,-1.7930450302866323,0.1840590141788492,1.7957166837581844,0.9336516237048823,-2.671907264963793
1,0,0.9455324711327701,0.49,-0.500476613450234,0.14162489980376075,-0.30297162736404015,-1.137638430858318,-1.1747605717100662,0.46171793284494866,0.17504646199648796,-0.7653656758552486,0.9254765779058884,-0.721445577368951,-1.3209484224001182
1,1,0.9669457771476818,0.64,0.4726827626994607,-0.5356362700608086,0.22935975795061078,0.17359098214019975,0.8964253332172217,-1.0366968242193562,-0.1137504716900485,1.1726446266795818,0.19798370228505288,0.38929155431515833,-0.14436224671370784
1,1,0.968629776846844,0.83,-0.07036474450704557,0.6154419803267769,0.7228636126980518,0.7092434280297554,-0.32621304237862225,-0.21221229980092493,-0.8252639081179262,-0.650615065836739,-0.4472668970600722,0.4615322127414971,0.32191787756525425
1,1,0.9774088217319686,0.52,-2.7277405107358073,-1.2295305694606058,0.06112177341897805,-0.43698624395548263,-1.4101640798471764,-2.098947002167742,1.1966115314547046,-2.4702318818445357,-0.4472668970600722,0.24051578441296462,-0.14300811007439004
1,2,0.9324011922988873,0.91,0.019231695988905485,1.8514012944922966,-1.956272675192418,1.9607301964028254,-0.36544696040147395,0.14006267852677254,-1.5968536246302802,0.47184625835225513,-0.9250543695922565,2.3579055777428195,1.6292354502602557
1,2,0.942959611535674,0.74,0.9545500809959457,1.5009466563399394,-0.01881051564086026,1.701655189679304,1.2157711775892706,-0.6015559134161814,0.09422191308121877,0.8520714939294589,-1.2863173948231492,0.7379111607058556,2.119027125375611
1,1,0.9777082258714238,0.79,-0.32579852989561303,-0.2765821067516372,0.5584736983399917,0.5172507159119833,-0.43570304616332467,-0.3630739176207867,-0.5150856200778233,-0.022218868116328953,0.9478355987533421,0.31564777154103807,-0.2511646359765688
1,1,0.979748192563032,0.67,-0.03586583634242213,0.2597525467194058,-0.1409149613359754,-0.5067272747215305,-1.101767235853598,-1.0366968242193562,-1.7930450302866323,-0.821374902173807,-0.052921848539954144,-0.4280822277495932,-0.62943033520685
1,2,0.9831764752404082,0.62,-0.10603332753694629,-0.19881088837302718,0.40954804256387145,0.7258795971936949,-0.5315067994749393,-0.21221229980092493,0.17504646199648796,-0.022218868116328953,0.5116433499323776,0.08540068481412683,-0.36322050920780863
1,2,0.9751064402377972,0.67,0.4153321941888293,1.765218479900136,0.33326035087355504,1.2707109144865985,0.339851147311651,-0.031887456222687516,0.41425748591681905,1.5938522229776824,-3.7924395506235165,0.6021063932779587,1.7887395518892846
1,1,0.9703286639379727,0.55,-0.5254011530796393,-0.8451197500952645,-0.8171951107526306,-0.2020404564296034,-0.23497137255803688,0.46171793284494866,0.9133383350343162,0.04562970685493284,-0.0785125753389159,0.4615322127414971,0.0026385433689300568
1,2,0.9759135401856731,0.75,0.053037734564477156,0.07910732685573385,-0.21815224177991233,0.8544769588463251,1.8708863669010736,-0.024853948749948514,-0.16919409382526182,1.1726446266795818,-1.2553444678449073,-0.24762306969048928,0.9750602569703454
1,1,0.9862115672564944,1.18,0.0978156596323233,-1.3814544035663068,-1.956272675192418,-0.17208638531361906,0.4402169841142949,0.46171793284494866,-1.7930450302866323,-2.295373809435378,0.12363991012089788,-0.07694055427267435,-0.24004738044308768
1,2,0.963148123115861,0.74,-0.928836424246363,0.14162489980376075,0.5808455759521398,0.9890443723417518,0.8462424148158998,-0.21221229980092493,-0.36557245273349426,-0.9839382663666959,-0.556499774788773,1.2415901320067162,0.6451568748229186
1,1,0.9747215562972676,0.64,0.26170765403838886,0.14162489980376075,-0.8020085788600493,-0.7391803437384495,0.04787780388577779,0.2720959355697481,-0.36557245273349426,-1.3773689292873004,0.3685364548053309,0.9336516237048823,-0.5512011189853875
1,1,0.9717088475411945,0.24,-1.7520646960916961,-0.9632473970109096,0.34881163042413077,0.33034122396175974,0.9511703351095729,-0.21221229980092493,-0.9309145885376992,-1.750308411847457,-1.1938942054382289,-0.07694055427267435,0.32856092618310356
1,1,0.9788563134994965,0.66,-0.8672311745852066,0.6603461830854658,-1.1831610450957808,-0.2871204607553873,-0.7915455584636076,0.46171793284494866,0.9571970540236008,0.8520714939294589,-0.667616394516038,0.31564777154103807,0.35435601340890316
1,1,0.9349524346201449,0.47,-0.9027278281379784,-3.9468884308030185,0.04593524152639673,0.28978619910729037,2.0853042909794492,5.497020860386565,-1.3502008386879485,-2.486624826132894,-2.0879025523618373,-1.9155422263308557,1.0192973603228563
1,1,0.9801581011096053,0.67,-0.18903941423338466,0.4726007564556621,-1.2411207193960223,0.21940381423248895,-0.6364347197686125,0.7576533290616105,-1.4177151664263847,0.11438900095332556,-0.0785125753389159,0.6021063932779587,0.008537150994921134
0,0,0.9404933987604833,0.49,0.6624121961068795,-1.9499920469099346,1.5921186438497121,-1.169714141370375,0.07889997162477681,-0.21221229980092493,-0.39671111978487156,-0.3478009560656722,0.6983158796054187,-1.9155422263308557,-1.6480988219376815
0,0,0.9843517704262825,0.5,1.1512181072337224,-1.2295305694606058,1.0390955748228883,-1.6388320518218895,-0.97585373150119,-2.098947002167742,1.3057276802269921,-0.3478009560656722,1.3613055837903238,-1.9155422263308557,-1.2538944021466525
0,1,0.9589683858619523,0.51,0.7781466056067905,-1.5493984105438743,0.6813404332208515,-0.7694892096129395,-0.6884424715663462,0.7803372626023177,0.35119165781820827,-0.47165875735549145,1.0145384422713293,-3.403002224912118,-0.7679407013950339
1,1,0.9662418950126741,0.58,-1.7754461568334734,-1.5493984105438743,-1.357681796758197,-0.4647564226843968,-1.1656364047280077,0.46171793284494866,-1.4177151664263847,-0.7653656758552486,0.34441423944080574,-0.24762306969048928,-3.1133721669855774
1,1,0.9809928567494902,0.74,-0.5362665415506752,1.3646248435340769,-2.25855806552709,0.43625594782726396,-0.07986053386304173,0.46171793284494866,-0.5826368072032384,1.5938522229776824,-0.6396552688360339,2.3579055777428195,1.0339873122849277
1,2,0.9682611253949026,0.47,-0.3287832763880025,0.014037321363229115,-0.22405386833059593,1.4551652040200898,1.4028166007214706,0.46171793284494866,-0.16919409382526182,-0.15518386067745923,-0.26036753920755834,-1.5812432202495768,0.965342459397888
1,2,0.9863791912923613,0.52,-1.7405659758134524,0.31568789235092903,-0.43771185983154487,0.8083564714019033,0.7960594964145778,-1.0366968242193562,-0.7003844510656587,1.5938522229776824,-1.2553444678449073,1.1209307474316548,1.4329192569284137
1,1,0.9492153834969478,0.73,-1.4013632717130453,0.14162489980376075,-0.1593447152339827,0.07102170586000513,0.5998899063003192,1.0316792316705974,-0.7003844510656587,-0.22030027826732773,-1.573021385129454,0.6021063932779587,-0.22864370697831882
1,1,0.9736176053902145,0.58,-2.34084902041324,0.5692360267538618,-2.6901232416666034,-0.34649837259836247,-0.6911797216609638,-1.0366968242193562,-0.8252639081179262,1.338395507817429,-1.2553444678449073,-0.3365248808962978,0.6370519856317154
1,1,0.9225330895030862,0.63,-0.799640442512309,-0.5356362700608086,0.12012243933346238,-0.19414003226965823,-1.001401399050954,0.46171793284494866,-0.5826368072032384,0.47184625835225513,-0.723912304162236,0.24051578441296462,-0.0919860868603797
1,0,0.923901376521468,0.21,0.040487417564052094,-0.1246582726459355,-1.9101317963821964,-1.7173800517200868,-1.731334757615637,-0.21221229980092493,-0.36557245273349426,-0.3478009560656722,0.7442810428737648,0.7379111607058556,-0.47404245124258054
1,2,0.8824419055074268,0.87,-0.7857048423190623,1.765218479900136,-3.1216884178061175,1.5287528497877976,1.5077445210151437,-0.21221229980092493,-0.7003844510656587,1.9472112443045217,-1.1634116528914549,1.9601110701742162,1.6750241875567966
1,2,0.9575998128302272,0.79,-0.05182466242234472,0.4219935287102227,-0.008239515711072065,1.62535945563679,-0.1437297027374515,-0.21221229980092493,-0.47125020715774846,1.5077892654638,-0.8959140288048689,0.9969637879758771,0.8370533876632783
1,1,0.9508403720744305,0.74,-1.1070037264240622,-0.7351455418440702,0.09577118720233231,0.17114295195853932,-0.6218360525973189,-1.5298633246327806,-0.5826368072032384,-0.47165875735549145,-0.7522504545885529,0.4615322127414971,-0.14741288917051198
1,2,0.986056847959874,0.77,0.15595876357141786,0.6603461830854658,-1.069644555411367,1.3231501700640735,1.1154053407866267,1.0316792316705974,0.17504646199648796,1.5938522229776824,0.487982113469524,0.8041699820500544,0.783074265127934
0,1,0.9524305363953707,0.73,1.646999979945294,0.7465289976776263,0.585709795532291,-0.5162942297867935,-0.6820555546789052,1.5255043585683932,0.6260380682792894,0.5460698672134329,0.9923660097295111,-0.3365248808962978,-0.2761602522884246
0,1,0.9686095412894767,0.46,-0.6845881853107053,-0.6322715403590082,0.21194276380770832,-0.7916118074712434,-0.6099746355206428,0.46171793284494866,0.9571970540236008,-0.47165875735549145,1.0145384422713293,-1.1718122270402245,-2.0233523854724593
1,2,0.9560308488185763,0.67,-0.5846913417878642,0.36972675497060015,-0.2360276400353394,0.9004573162505389,0.02962946992166071,-0.21221229980092493,1.2594009674266546,-0.08915672396045982,-0.2867489047326927,0.8041699820500544,0.46474377669962597
1,1,0.9548281010671775,0.75,-0.5110863413368013,-0.6322715403590082,-0.18665685458980888,-0.04178793683851475,0.13182014012071633,-1.0366968242193562,-0.36557245273349426,-0.650615065836739,-0.4472668970600722,1.2415901320067162,0.09815720359958466
1,2,0.9032855969256597,0.91,-0.05412438450288258,1.4478086096715843,-1.3220940000701034,1.8942806990682115,1.1245295077686852,-0.21221229980092493,-0.36557245273349426,0.6212041952017432,-0.9837584148677018,1.359193359651638,1.4166518729941053
1,2,0.9214278615593546,0.93,0.43576239792409405,1.0853506147965435,-1.524707499052904,2.000446252497109,1.1017190903135388,-0.21221229980092493,-0.9581951256709409,1.5938522229776824,-0.8959140288048689,1.5860902810470476,1.3620015589856802
1,1,0.9343066361369523,0.96,-0.4356576551464571,0.36972675497060015,0.30855008651426435,0.20044452999453344,1.2796403464636803,0.14006267852677254,-0.5826368072032384,-1.0877602468596328,-0.23408902618478558,0.16380155051923737,0.0574102957073303
0,0,0.9506023917882028,0.51,1.017919157445645,-0.05380243944551488,0.861666977300497,-1.1181281335481978,-0.8189180594097832,0.8475670771130581,1.3653277048426777,-0.08915672396045982,0.8127217981786529,-0.24762306969048928,-1.738830697519043
1,1,0.9622899517356683,1.0,-0.736131018560734,-0.7351455418440702,0.8780391137776491,-0.06429495286968255,0.06612613784989486,-1.0366968242193562,-0.07759917732873126,-1.5522270016964579,-0.723912304162236,0.9969637879758771,-0.5545916809487068
1,1,0.9448635801029488,0.83,-1.04617045882821,0.014037321363229115,0.22649055038708696,0.4222516019656673,1.2887645134457388,-0.21221229980092493,-0.36557245273349426,0.04562970685493284,-0.5016538429334375,0.9969637879758771,0.4350182251520893
1,1,0.9548536689006359,0.43,-1.6740940361281063,-1.0908349754514413,0.06112177341897805,0.6084062917034935,1.0606603388942755,0.642101346602259,1.3057276802269921,0.1840590141788492,-0.9250543695922565,-1.4352776042108635,0.3762762114413016
1,1,0.9593375678755306,0.75,-1.04617045882821,0.6603461830854658,1.174196066213293,0.27779992209937016,1.1519020087148608,0.46171793284494866,-1.1002883968126078,-0.650615065836739,-0.6118165130825998,0.8041699820500544,-0.3204756132214777
1,1,0.9880075697400861,0.72,0.0654401072498582,0.36972675497060015,-0.6615771467738764,0.5280382016914962,-0.12456895207512857,-0.21221229980092493,-1.4177151664263847,-0.28450597673006556,-0.18183580588393602,0.38929155431515833,0.129014186746462
1,1,0.9651667252425798,0.77,-0.9942744497909004,0.014037321363229115,0.38995358472444575,0.522761810467107,0.0752503048319534,-0.6015559134161814,-0.36557245273349426,-0.7084457304095593,-0.6118165130825998,0.8041699820500544,-0.3820717678408553
1,1,0.9652398050748595,0.78,-1.4350340630045726,0.6154419803267769,0.7280252334677076,0.2101757141906729,0.8143078303786949,-1.2261570953498202,-0.36557245273349426,-0.4101852162741469,-0.6396552688360339,0.16380155051923737,0.2935012646623614
1,1,0.9431427558242824,0.64,-0.6887882804412113,0.014037321363229115,0.6785639874184408,-0.015825214908221925,1.19387317683233,1.5255043585683932,0.46996319612552484,-0.532221579309705,0.12363991012089788,0.5324470164903913,-0.930243445636293
1,1,0.9683310030322881,0.8,-0.9775294422329024,-0.5356362700608086,0.5111635854970646,0.26771072027079673,-0.20029953802621442,0.46171793284494866,0.01010019764926086,-1.7871925364962635,0.048512111340393176,-1.4352776042108635,0.121208704090341
1,1,0.9643442835200025,0.76,-2.2628783604496503,-0.9632473970109096,-0.34113837316322576,-0.4647564226843968,0.4493411510963534,-0.6015559134161814,0.17504646199648796,-1.2366628241455562,-1.1938942054382289,-0.16115831672467945,-0.5347585834943588
1,1,0.9815981414834196,0.72,-0.5733169344338456,0.36972675497060015,-0.053896808524605086,0.4348571111023787,-0.6035877186332018,-0.6015559134161814,-0.08477891838593073,-1.1879393508440461,-0.5840985345508589,0.8694013481225966,0.17143719665895576
1,2,0.9286627849514144,0.95,0.3325899957388091,1.7429244971388513,-1.6010417816018827,1.7205955466888452,1.7723453634948414,-1.0366968242193562,-0.5826368072032384,1.338395507817429,-0.667616394516038,2.11264707063472,0.8705656920783359
0,1,0.9065463978324048,0.93,0.9772523586833756,1.6973787190913927,-0.4991464242975304,0.4058680836641445,-0.05431286631327783,0.46171793284494866,-0.8252639081179262,1.0911352648013546,-0.4472668970600722,0.7379111607058556,0.3160180563586561
1,2,0.9857498246154166,0.69,0.14838950478801083,0.36972675497060015,-3.1216884178061175,1.3791477378785768,0.3033544793834168,-0.21221229980092493,-1.7930450302866323,0.6972492423171838,-0.723912304162236,1.4739615241153665,1.1854853271878265
1,2,0.912120146819618,0.84,0.021376696595179438,1.3928378593998636,-2.25855806552709,1.5563319293892022,-0.15285386971951004,-0.6015559134161814,0.01010019764926086,0.7742050085597559,-0.667616394516038,1.9082923351821497,1.2567751629354573
0,1,0.9556104411799109,0.59,1.5969228831054378,0.36972675497060015,1.1238892139680015,-0.4336649558746107,-0.16197803670156857,-0.4408738499636281,0.8457502482496358,0.9308486984262934,1.2545057197815617,-1.0511214629583103,-0.18617341211905747
1,1,0.8811543148553844,0.37,-1.3527951520231074,-1.2295305694606058,1.7914713552076318,-0.46642793922484255,-0.5999380518403784,-1.0366968242193562,-0.5826368072032384,0.9308486984262934,0.3685364548053309,-2.351209173171575,-1.5670615058247104
1,1,0.9723920188244507,0.76,-0.7186680046695676,-0.1246582726459355,-0.1461251753342756,0.09343805173849418,-0.3490234598337686,-0.21221229980092493,0.46996319612552484,-0.821374902173807,0.22259493397184507,0.9336516237048823,0.0839936724388062
1,2,0.8579617237396092,0.99,0.6256582668982532,1.9131119862368469,-1.0470014441031683,1.837613480838247,2.104465041641772,0.14006267852677254,-2.8438183072169894,1.76871029538684,-2.4245538705939795,0.005196793446652558,2.4350998042097616
1,1,0.9903120679141608,0.45,-1.2988283263379021,-0.8451197500952645,-0.31315087762898297,0.11204453049187403,-0.5543172169300856,-0.6015559134161814,-0.47125020715774846,-0.3478009560656722,-0.26036753920755834,-0.24762306969048928,-0.5267996754110892
1,1,0.9869490739000925,0.42,-1.5816531327103767,-0.5356362700608086,-0.3447269533537863,-0.8727029243917942,-0.508696382019793,-0.6015559134161814,0.8741816129850438,-0.47165875735549145,-0.4472668970600722,-1.1718122270402245,-0.5605398004748016
1,1,0.950324528119732,0.55,-1.2619079615625355,0.4219935287102227,-0.6736671759599471,0.1858140894123751,0.0752503048319534,0.2720959355697481,0.49047094086585946,-1.138305158415405,-0.18183580588393602,-0.721445577368951,-0.0004742347325260031
1,1,0.957012589510189,0.75,-0.9942744497909004,-0.05380243944551488,-0.4503756917803742,-0.2162935032771299,-0.15194145302130418,-1.0366968242193562,-0.36557245273349426,-1.0877602468596328,-0.4472668970600722,-0.721445577368951,-0.38439347172548205
1,1,0.987226617206204,0.75,-1.2262393785326346,0.6603461830854658,-0.8171951107526306,0.4826828611509082,-0.5999380518403784,-0.21221229980092493,-0.5826368072032384,-0.7084457304095593,-0.9837584148677018,0.7379111607058556,0.6459856306910732
1,2,0.9801122581566408,0.64,-0.23723665473507946,0.5692360267538618,-2.0602833781058227,1.1785028968142952,-0.031502448858131485,0.14006267852677254,-0.8252639081179262,-0.22030027826732773,-0.4202419837686799,0.7379111607058556,0.5105488516928048
1,1,0.9943542794410928,0.85,0.6316738489403343,0.4219935287102227,0.47461123874861605,0.14364676066897902,0.013205969353955346,0.7576533290616105,1.1188509943095364,0.7742050085597559,-2.1974972610957995,0.8041699820500544,2.025270640002032
1,1,0.9524310067020186,0.51,-0.5885103021802934,0.07910732685573385,-0.6099018587279138,-0.5490861717248331,-0.5999380518403784,-1.0366968242193562,-1.7930450302866323,-1.3313776133671835,0.07364335924366855,0.5324470164903913,-1.0777667430112534
1,0,0.9664364433577772,0.63,-0.19692051799751822,0.20178274799303278,-0.5571060985977726,-1.0826060462625378,-0.7586985573281969,-1.0366968242193562,-1.4177151664263847,-1.712513568071519,-0.20791217199585207,-1.9155422263308557,-0.07237982238965023
1,1,0.9504334712789813,0.46,-1.1715713715932503,-0.3583432991370441,0.07042862741900159,-0.2951741356694085,-0.04336386593480759,0.9244896767396169,0.20650975010478756,-0.4101852162741469,0.19798370228505288,1.4169190501175248,-0.5507777252093349
1,1,0.9928441870810789,0.54,-0.9999158704541704,-1.2295305694606058,-0.7871836656443603,-0.23907928399001185,-0.944831563762191,-0.6015559134161814,0.4000927424901746,-1.5522270016964579,-0.3132343399731044,0.31564777154103807,0.08191807685884325
1,1,0.9778966413615597,0.72,-1.1985503480769841,-0.9632473970109096,0.36051530096334067,0.5383472655522235,0.5259841537456451,-0.21221229980092493,-1.7930450302866323,-0.821374902173807,1.8760516594085666,-1.0511214629583103,0.06911115490910116
1,2,0.8831073822661982,0.94,-0.06337387205601944,1.8928060583406678,-2.34169697252171,1.5859198749525047,0.6500728247016413,0.46171793284494866,-0.3430325722518412,1.5938522229776824,-0.4744037161904432,1.6412200486264645,1.5919545816887406
1,1,0.9663617223393554,0.56,-1.0640539902314154,-1.2295305694606058,-0.03610654282409734,0.19800893505139924,-0.627310552786554,-1.0366968242193562,-0.06153556793016418,-0.9839382663666959,-0.26036753920755834,-0.16115831672467945,-0.3100376762348762
0,0,0.9966561829574825,0.58,-0.04724024369643983,-0.6322715403590082,0.36282986474201995,-1.6733516080596025,-2.2605364425750323,-0.21221229980092493,0.01010019764926086,-1.4224495260802865,0.7899750181373274,-0.4280822277495932,-1.5002324191862075
1,2,0.975752164405341,0.81,0.1097041751973792,0.5216505890763011,-1.8671756658940308,1.5092617840077875,0.3307269803295924,-0.21221229980092493,-1.4177151664263847,1.0105366220502583,-0.5840985345508589,1.5860902810470476,0.920137009725865
1,2,0.9755691555745178,0.82,0.03203658953603069,1.2155448884760984,-1.3050349346173904,0.9805621714449514,0.6044519897913485,0.14006267852677254,-0.47125020715774846,0.2546397465315043,-0.723912304162236,0.7379111607058556,0.7575994831032122
1,2,0.9786009049888875,0.87,0.014928530755329648,0.4726007564556621,-0.97366773092521,1.8517308798880687,0.5862036558272314,0.4307809060350966,0.09422191308121877,0.9308486984262934,-0.6957015181436527,1.2415901320067162,1.1458416004272736
0,0,0.9914575337993792,0.46,-0.4290612546489194,-1.2295305694606058,-0.1461251753342756,-1.6892270804132128,-2.017833600852275,0.46171793284494866,1.0629289981151344,-1.3773689292873004,0.6520746418435466,0.5324470164903913,-1.9341052927599511
1,1,0.9509578809953556,0.61,0.3197590753408147,0.9060614084416432,-1.1694766054623689,-0.9342499750825558,-0.6455588867506711,-0.21221229980092493,1.3573011404098285,-1.2844755783199353,0.07364335924366855,-0.8266459331430416,-0.2875044766750233
1,1,0.9832533932126574,0.6,-0.710044002016357,-0.19881088837302718,0.19553753610417451,-0.12360191024536595,-1.238629740584476,-1.0366968242193562,-0.36557245273349426,-0.47165875735549145,0.32021254331366417,1.4169190501175248,-0.5703523753716926
1,1,0.9847534106653871,0.54,-1.5621688271175371,-2.4863267003809777,0.6566161491466882,-0.46197190380154807,1.0424120049301584,0.46171793284494866,0.8457502482496358,-1.6738080051684507,-0.2867489047326927,-1.7399713895923963,-1.2665351522077946
1,1,0.9887671719498244,0.87,-0.3998787925259777,0.14162489980376075,-1.035981387580213,-0.06429495286968255,-1.5579755849565247,-0.6015559134161814,1.756567617518128,-0.821374902173807,-0.33982508634143566,-0.3365248808962978,-0.37820878107215344
1,1,0.9713486694827627,0.42,-0.16574423900713192,-1.3814544035663068,1.3078344131614756,-0.2737276058758462,-1.1473880707638906,-0.6015559134161814,0.34682066670318595,0.1840590141788492,-0.36652241012903014,-1.4352776042108635,0.6894542285530239
1,2,0.9893972111398618,0.77,0.5863220056929505,0.6154419803267769,0.5491236436707043,0.7908584919361242,0.37634781523988514,0.2066677217102879,0.697399103145228,1.0105366220502583,0.29593057555972513,0.24051578441296462,0.3002638277985723
1,2,0.959704791917505,0.83,-0.4225059534866448,1.3928378593998636,-0.7655878496872808,1.801819633526677,1.1482523419220374,-0.06725678499678109,-1.2214614826130348,1.4226370270770496,-0.9837584148677018,0.5324470164903913,1.2885164025223197
1,1,0.9887068819905671,0.67,-0.44563045429725057,0.5692360267538618,-1.1301403510977892,-0.34649837259836247,-0.7614358074228145,-0.21221229980092493,-0.9581951256709409,0.5460698672134329,-0.15585877939291692,0.9969637879758771,0.2555206039671506
1,2,0.8673366848102684,0.97,1.2536902936579124,2.1385212836968446,-1.069644555411367,1.831288477637726,1.4529995191227925,0.6126410434832471,-0.05620871554360418,1.5938522229776824,-2.788022424515789,1.5303444810445048,2.275436594308601
1,2,0.9584484942798595,0.78,-0.5885103021802934,0.6603461830854658,-1.9101317963821964,1.134784234363544,-0.2751177072790944,0.46171793284494866,-1.4177151664263847,1.1726446266795818,-0.8669121242892855,1.6412200486264645,1.2528002015606903
0,1,0.9587499254101081,0.58,1.706528056688639,-0.7351455418440702,1.0735994658379846,-0.7677004497934691,-1.0196497330150711,-0.21221229980092493,0.7279353218755003,-0.022218868116328953,-0.15585877939291692,-0.24762306969048928,0.1731227909636869
0,0,0.9755142355960397,0.42,1.049034773346078,-0.6322715403590082,1.3522910495982774,-1.2233209174975601,-1.238629740584476,0.46171793284494866,1.2594009674266546,-0.08915672396045982,0.048512111340393176,-1.1718122270402245,0.38908650551048063
1,1,0.9648318749178355,0.54,-1.1196041456856423,-0.5356362700608086,0.10457779710094828,0.28019931838767814,0.40372031618606075,-0.6015559134161814,0.060983828062641125,-0.8764734093652343,-0.052921848539954144,0.08540068481412683,-0.09001542847589707
0,0,0.9512417690466244,0.5,0.16907533065564984,-0.7351455418440702,1.0132240989603394,-1.169714141370375,-0.037889365745572466,0.7576533290616105,-1.7930450302866323,-0.22030027826732773,0.7442810428737648,-0.6202193793009496,-1.1269262882198436
0,0,0.968187203279307,0.76,1.241665906402482,-0.9632473970109096,0.6435079399472222,-1.253426229381847,-1.1784102385028896,-5.473692027447272,0.7639918090555885,-0.7653656758552486,0.5821840892285185,-1.7399713895923963,-1.1479455259190785
1,1,0.9839665460842807,0.82,-0.7857048423190623,-0.2765821067516372,-1.0040453136150032,-0.10289338366628299,-0.508696382019793,0.46171793284494866,0.17504646199648796,-1.5522270016964579,-0.6396552688360339,0.6021063932779587,0.47568643640794583
1,1,0.9628866639574206,0.7,-0.918315112238648,-0.4445261137292046,-1.41519499062379,-0.3356472114161531,-0.7824213914815491,-0.6015559134161814,-1.1002883968126078,-0.9839382663666959,0.8354025494130111,-0.3365248808962978,-0.7599037730775675
1,2,0.9657865807278356,0.59,-0.28487749975433113,0.5692360267538618,-1.5745434447288396,1.2014768767321766,-0.2532197065221539,0.46171793284494866,-0.36557245273349426,0.5460698672134329,-0.26036753920755834,0.38929155431515833,1.3008371484601173
1,2,0.9652144524733389,0.81,-0.1255628429283896,0.7040199776136826,-0.001982006361652766,0.9571747558194913,0.038753636903719246,-0.21221229980092493,-0.9581951256709409,-0.5918736821367875,-0.26036753920755834,0.31564777154103807,0.3866311191053598
1,2,0.9544131184651675,0.64,-0.34687178667284174,0.2597525467194058,0.31979121925281406,1.1252574972136593,0.5679553218631144,-0.6015559134161814,-1.5968536246302802,0.1840590141788492,1.7349806484115657,0.005196793446652558,-0.31115315199602467
1,1,0.9703928304946403,0.86,-1.4096804884089997,0.014037321363229115,0.2322158039652853,0.4245881300378049,0.3717857317488559,-0.6015559134161814,0.7279353218755003,-0.22030027826732773,-0.667616394516038,0.005196793446652558,0.1590229718929251
1,1,0.9679232474841045,0.63,0.6098548598690362,-1.0908349754514413,0.06672256326562856,-0.24705304163053685,-0.4329657960687071,-0.2868749210868022,0.8192426431475066,-0.28450597673006556,1.1897573766770784,0.9336516237048823,-0.8081401965763612
1,1,0.9753827242643063,0.44,0.7257168472993508,-0.7351455418440702,0.6515512536084799,-0.6061873559262974,-0.5543172169300856,0.2720959355697481,1.912506958573953,-1.8923805956798974,0.6520746418435466,-1.9155422263308557,0.9957447962625113
1,1,0.974577436527948,0.82,-0.7903295637563915,0.4219935287102227,-1.3762687573075725,-0.38796123644195407,0.04605297048936608,1.0316792316705974,0.6029801798740657,0.3261311980112903,0.023290947556070377,1.9082923351821497,-0.11447811369202072
1,2,0.9211801121577995,0.96,0.9935380819907881,1.872238111247149,-0.2766135353253406,1.6445144419630935,1.4986203540330851,0.46171793284494866,-0.6524757105852792,1.76871029538684,-2.788022424515789,0.5324470164903913,2.337051857152591
0,0,1.0,0.5,0.6037128550768738,0.9802140241687342,0.4180625949433782,-1.3586366768644798,-1.107241736042833,-0.6015559134161814,0.9441370935321926,-0.15518386067745923,1.2759759414413903,-1.9155422263308557,-1.2383466795619298
1,1,0.9741413014760212,0.67,-1.1070037264240622,1.1189096181778995,-1.3220940000701034,0.1083285642160009,-0.4721997140915588,-0.4017695734898563,0.08761701220531208,0.11438900095332556,-0.0785125753389159,1.695753766180963,-0.3018784825533335
1,1,0.9669142621455832,0.53,-1.5149805403243257,0.7040199776136826,-1.7892469728977107,0.22352698459481848,-0.8280422263918418,-1.747118613112377,-1.1904942561243443,-0.7653656758552486,-0.8669121242892855,0.7379111607058556,0.32063717180104256
0,0,0.9344013274576216,0.68,-0.09640284901157484,-0.7351455418440702,0.11841429851053094,-1.0611233998270213,0.22123697654489,0.46171793284494866,0.211188115519146,0.04562970685493284,1.0145384422713293,-0.6202193793009496,-0.019271431016948812
1,2,0.957817606054514,0.94,0.5110456428047023,0.4219935287102227,0.7708528435839774,1.1273297691091115,1.6811036936742558,1.0316792316705974,-0.16919409382526182,0.8520714939294589,0.32021254331366417,0.6705747481356811,0.6978749657151648
0,1,0.957064546792764,0.24,-0.06337387205601944,-3.9468884308030185,0.4479869807629104,-0.9015173526907444,-1.6492172547771102,-1.5298633246327806,-0.9147178152198242,0.04562970685493284,0.32021254331366417,-1.0511214629583103,-0.5197069188316967
1,1,0.9735969712254061,0.22,-0.37460136212678063,-0.9632473970109096,-0.8020085788600493,-0.1678968973584608,-0.1437297027374515,-0.21221229980092493,0.6029801798740657,-1.2366628241455562,-0.33982508634143566,-1.1718122270402245,-0.146056391892444
1,0,0.9058231499361925,0.69,-0.3683757674357745,-0.3583432991370441,-1.1831610450957808,-1.4569588590903046,-1.0561464009433053,-0.21221229980092493,1.2023993141188798,-1.2844755783199353,1.0145384422713293,-1.1718122270402245,-2.471831953660439
1,2,0.9724412125897016,0.57,0.08981469002551315,0.8282901900630332,-0.15667825745640354,0.8950788626062635,-0.1984747046298027,1.2868173395019873,0.46996319612552484,1.1726446266795818,-0.8669121242892855,-1.4352776042108635,0.150789292645408
0,0,0.9427831722945798,0.66,0.8429130457568165,0.9435688750345109,2.1368125904190376,-0.9663051839935561,-1.700312589876638,1.5255043585683932,1.917961185979752,0.47184625835225513,0.023290947556070377,-0.07694055427267435,-0.6267851382531283
1,1,0.9608161126030438,0.68,-0.26218934442088554,-0.19881088837302718,0.7293089801893817,-0.5419989489286483,0.4630274015694412,-1.0366968242193562,-1.2529007886274393,-0.5918736821367875,0.8580178435243604,-1.0511214629583103,-0.8033114943278663
0,1,0.968601060832986,0.58,1.9340212396323797,1.2155448884760984,1.480139955353207,-0.9404549070500012,-0.271468040486271,0.46171793284494866,-0.32477233803782996,0.39853336861820726,2.0541998297499138,-0.5225483235846493,-0.40738119756465246
1,1,0.9698027653995804,0.62,-1.4013632717130453,-0.5356362700608086,0.07227341970030955,-0.43975579666579956,-0.23497137255803688,-1.5298633246327806,0.46996319612552484,-1.5936647219809197,1.7349806484115657,0.24051578441296462,-1.8685083454014149
1,2,0.9545407673529515,0.8,0.7080151059433716,0.4219935287102227,1.0582899721716377,0.9667532530288966,2.379102467801734,0.46171793284494866,0.7699404100524141,0.8520714939294589,0.1485070729068463,-0.6202193793009496,0.6249156552576438
0,0,0.9757343421352955,0.46,0.8927496537645163,-0.5356362700608086,0.2996644747949047,-1.0929071717995744,-0.9466563971586027,-0.21221229980092493,1.522929323655583,1.0911352648013546,1.2329795129039862,-1.5812432202495768,-2.0701069636421674
0,0,0.9887293556797568,0.43,0.5609684310973778,-0.8451197500952645,0.2322158039652853,-1.2100157879911508,-1.1127162362320682,-1.0366968242193562,1.4643826113684015,0.11438900095332556,1.2329795129039862,-1.299416121431032,-1.5505100037687845
1,1,0.9681387819940016,0.83,-0.7811003604276081,-0.05380243944551488,-0.13318048995438078,-0.10289338366628299,0.038753636903719246,0.46171793284494866,-0.36557245273349426,-1.0363046161767302,0.27156753211147633,-1.299416121431032,-0.8047588707934562
1,1,0.9640744998450139,0.6,-0.5620641808271961,0.36972675497060015,-0.9170271608036324,0.08473212608386341,-0.2897163744503881,-0.031887456222687516,0.24517564708851453,-1.1879393508440461,-0.33982508634143566,1.1209307474316548,0.8003044621664852
1,2,0.982638446002839,0.51,-0.0774023789942554,-2.8420161339883485,0.8601097853105332,0.7689125097842242,0.2486094774910656,-0.21221229980092493,-0.8252639081179262,-1.3773689292873004,0.9030543062667665,-0.4280822277495932,-0.7655734910178525
1,0,0.9279425911809318,0.62,-0.44563045429725057,-0.19881088837302718,-1.1052323520994607,-1.3246082817985654,-0.9284080631944857,0.46171793284494866,0.6029801798740657,-0.4101852162741469,0.5587436478105144,-0.721445577368951,-0.9333286543310334
1,1,0.9602426449156067,0.54,-1.2474951001077814,1.246497196618431,-0.9638625371085484,-0.03872657066572807,-0.627310552786554,0.642101346602259,0.866260259076462,-0.9306611974295307,-0.8959140288048689,-0.6202193793009496,-0.103195674441011
1,2,0.9866933143689611,0.82,0.3732416842039639,1.3928378593998636,-0.3340226735477674,0.7952378654301356,-0.2824170408647413,0.46171793284494866,0.09422191308121877,1.338395507817429,-0.0785125753389159,0.5324470164903913,1.0057288469736374
1,1,0.9672709353954978,0.65,0.36245059029447824,0.07910732685573385,0.518403398925241,0.2271624201246075,-0.0707363668809832,-0.21221229980092493,0.2981182306334752,-1.5098785622848652,-0.12997996577716855,-0.24762306969048928,-0.23504929254241227
1,1,0.9747959340653864,0.29,-0.38716416730141323,-0.3583432991370441,0.13695094861266988,-0.49830240275734894,-0.07986053386304173,-0.21221229980092493,-1.7930450302866323,-0.5918736821367875,0.34441423944080574,-0.8266459331430416,-1.158247594917151
1,1,0.9656432935421135,0.74,-0.740542439836759,-0.2765821067516372,-0.09347831319346941,-0.1480453459896408,0.4219686501501778,-0.21221229980092493,-0.16919409382526182,-0.47165875735549145,1.4457732442564717,0.38929155431515833,-0.5987944875348099
1,1,0.9838573663901101,0.52,-0.5146468267413312,0.2597525467194058,-1.197153025826795,0.585754687482006,-0.20759887161186125,-1.0366968242193562,-0.2650467781181231,-1.2366628241455562,-0.0785125753389159,0.08540068481412683,-0.45262602102359073
0,1,0.9690410731236657,0.46,1.3452369153108346,-0.4445261137292046,1.5825832467234668,0.1858140894123751,0.4402169841142949,0.33638818536878856,-0.2650467781181231,1.4226370270770496,1.2759759414413903,-1.4352776042108635,-0.6140511709160024
1,2,0.9507487875729241,0.72,1.1914406546907705,0.7879337615259974,0.9879261580327552,1.6157614392008235,1.7978930310446053,1.0316792316705974,-0.47125020715774846,1.338395507817429,-1.8069435101405074,-0.5225483235846493,1.2674451881520148
1,1,0.9927425033636409,0.55,-0.5435729766980897,0.4219935287102227,-1.1301403510977892,-0.5208032598568212,-0.3718338772889149,0.14006267852677254,-1.5968536246302802,-0.08915672396045982,-0.12997996577716855,0.5324470164903913,-0.308922887970576
1,2,0.8551008357852471,0.95,1.1169876256633688,1.765218479900136,0.1879352812224182,1.7771031143934728,2.5305636397039057,0.8697084917813375,0.7279353218755003,1.25506470768494,-1.9454707960797122,0.4615322127414971,1.7805069550591344
0,0,0.9388068103491887,0.7,1.635511304610391,2.1209079135075073,0.48419014982993697,-1.0001863976809573,0.07342547143554169,1.5023161765330437,-0.052665108940215186,1.338395507817429,1.2759759414413903,0.8694013481225966,0.708035016914991
0,1,0.9414627721179915,0.34,0.9952377954993155,-1.3814544035663068,2.119454400249093,-0.920631641440014,-1.5534135014654955,1.1358532057898219,2.1869603368642734,0.9308486984262934,1.2113968805541653,-1.0511214629583103,-0.21695968615604244
1,1,0.9635931284710625,0.76,-1.3931112887606687,-0.9632473970109096,0.5977066395143508,-0.23377072156354584,-0.3718338772889149,-0.21221229980092493,-0.8252639081179262,-1.0877602468596328,-0.4202419837686799,0.4615322127414971,-0.36935470018860883
1,2,0.9539443106000829,0.83,0.18936228128524632,0.9435688750345109,-1.1560864777887918,2.082451648414082,-0.026940365367102218,-0.21221229980092493,-1.7930450302866323,1.5077892654638,-0.4472668970600722,0.8041699820500544,1.264161634182449
1,1,0.9717617528627469,0.69,0.09582111413839522,0.4726007564556621,-0.008239515711072065,0.6981260773658852,0.08437447181401193,0.46171793284494866,1.4387732773148343,0.2546397465315043,0.22259493397184507,0.8041699820500544,0.3208933956615466
1,1,0.9729660199879422,0.66,-0.558339849741969,0.14162489980376075,-1.2564947582737394,0.5172507159119833,-0.26234387350421245,-1.0366968242193562,0.01010019764926086,-0.08915672396045982,0.09868564613984761,0.8041699820500544,0.2348372502908622
1,1,0.9827380817665691,0.72,-0.813763103321739,0.20178274799303278,-0.36670395040198217,-0.1626650482344156,-0.5725655508942027,0.46171793284494866,0.060983828062641125,-1.3313776133671835,-1.0729044119739688,1.6412200486264645,0.49459266003559316
1,2,0.9507331649835168,0.77,-0.6930052096653175,0.867650061028734,-0.8171951107526306,1.2479879609352962,1.6573808595209036,-0.21221229980092493,0.01010019764926086,0.2546397465315043,-1.2863173948231492,0.9336516237048823,1.4919341860248738
1,1,0.9609008126825471,0.64,-1.1070037264240622,-0.3583432991370441,-0.6044162114406991,-0.28497509463054566,-0.627310552786554,-2.098947002167742,-0.36557245273349426,-1.2366628241455562,0.3685364548053309,0.38929155431515833,0.38244809466039165
1,1,0.9537255978381718,0.47,-0.7186680046695676,-0.7351455418440702,1.2613233638999435,-0.24705304163053685,-1.1473880707638906,0.14006267852677254,-0.6289323209430683,-1.3313776133671835,2.1516728255082156,0.24051578441296462,-1.1900415113079812
0,0,0.9667592208064419,0.57,1.2389750547235794,-0.19881088837302718,1.3473205021089647,-1.122022515529999,-0.508696382019793,-0.21221229980092493,-0.36557245273349426,-0.650615065836739,1.550184548293442,-1.1718122270402245,-1.534079633667225
1,1,0.9675037232866512,0.76,-0.928836424246363,-1.7371438371736785,-1.2114666893029844,0.4128955659978443,-1.512354750046232,-1.0366968242193562,-0.7003844510656587,0.1840590141788492,0.048512111340393176,0.24051578441296462,-0.7387868365987658
1,1,0.9676752371187785,0.39,-1.0520979248327555,-1.2295305694606058,0.028395576328140482,-0.45640788771419893,-0.5360688829659686,0.14006267852677254,0.17504646199648796,-0.650615065836739,-0.20791217199585207,0.7379111607058556,-0.1521689178567942
1,1,0.9558454247142468,0.6,-0.9502000502811654,-0.19881088837302718,-1.069644555411367,0.06477763808229511,0.15736780767048023,-1.0366968242193562,-0.8252639081179262,-1.0363046161767302,0.12363991012089788,-0.4280822277495932,-0.06169054876854479
1,2,0.94965740619249,0.83,-0.11088182659177824,1.3928378593998636,-1.41519499062379,1.268280197500412,0.23766047711259536,-1.0366968242193562,-2.252222626593486,1.0105366220502583,-1.1938942054382289,2.0622747890755067,1.7237199327860337
1,0,0.8967086656444947,1.0,0.18570272130717372,1.4205601891655988,-1.3220940000701034,-1.4202619458530594,-1.194833739070595,-0.031887456222687516,-2.526880308493133,-0.5918736821367875,1.0806907526482334,-0.24762306969048928,-1.60757010330142
1,2,0.9814908275441913,0.65,-0.40629419309194786,-0.3583432991370441,-0.001982006361652766,0.787352643025402,0.7321903275401681,-0.6015559134161814,-0.2650467781181231,0.2546397465315043,0.4404339331863712,0.6705747481356811,0.20427245364004556
1,2,0.9717807021718626,0.8,0.29196246040396723,0.7040199776136826,-1.1052323520994607,0.9433122952566967,-0.6911797216609638,-1.0366968242193562,-1.1002883968126078,0.3261311980112903,-0.33982508634143566,2.2610767017096554,0.4090762896241679
1,1,0.9208237277158301,0.96,-1.6015050883228397,0.4219935287102227,0.8120470005952785,0.23442584236313047,1.088032839840451,-0.21221229980092493,-1.7930450302866323,-1.92562184382018,-1.7390473335655625,0.08540068481412683,-0.3182338422054924
1,2,0.9297488379332403,0.91,-0.0587389639746836,0.867650061028734,-1.5491269794389306,2.0348805651501003,0.6318244907375241,-2.098947002167742,-0.8252639081179262,1.25506470768494,-1.1634116528914549,2.3579055777428195,1.609813521089557
1,2,0.9713457946127406,0.65,-0.3998787925259777,0.6154419803267769,-0.6675928161748533,0.7539421544010447,-0.14920420292668662,-0.6015559134161814,-1.5968536246302802,1.0911352648013546,-0.20791217199585207,0.8694013481225966,0.5005387749977582
1,2,0.9645718060276555,0.69,-0.4692746500717217,-0.19881088837302718,-3.1216884178061175,0.7464425734058006,0.3790850653345027,0.814104735828437,-1.4177151664263847,1.5938522229776824,-0.12997996577716855,2.011433897878199,0.8925262220570245
1,1,0.9270400145993836,0.7,1.1490193134701177,0.14162489980376075,0.5609995311730002,-0.793710385277046,-0.7659978909138437,0.46171793284494866,1.0629289981151344,-0.8764734093652343,0.048512111340393176,-1.1718122270402245,-0.5966248661452013
1,1,0.9734316786745909,0.64,-0.4356576551464571,0.5692360267538618,-1.826992889387576,-0.49269440163622535,-0.7961076419546369,-0.21221229980092493,0.01010019764926086,0.6972492423171838,-0.8669121242892855,0.38929155431515833,0.2407738759152423
1,0,0.9843246931829799,0.38,-0.3317765143470006,-0.5356362700608086,0.06672256326562856,-1.060164170038803,-1.256878074548593,1.0316792316705974,1.2023993141188798,0.04562970685493284,-0.027425033615307834,-1.0511214629583103,-0.4858657978126796
1,0,0.93601566099739,0.73,0.5441548076047714,0.6603461830854658,-0.21230603038118898,-1.3232398609837643,-0.7568737239317852,1.0316792316705974,-0.5598730161000245,-0.22030027826732773,0.9254765779058884,1.1209307474316548,-0.7429920854035666
1,2,0.9753361114783605,0.73,-0.11575277248149451,-0.05380243944551488,-0.9261166206186829,1.6215218965554943,0.3854719822219437,-0.21221229980092493,-1.1002883968126078,0.04562970685493284,-0.39332760320959764,0.8041699820500544,0.7766534133077435
1,2,0.8053350448989287,1.0,1.2688574732440885,2.1385212836968446,0.04014341427754746,1.8117187798688468,1.8727112002974853,-0.21221229980092493,0.9787815371287039,1.76871029538684,-1.0729044119739688,1.9601110701742162,2.67525321233135
1,2,0.878603268109113,1.0,-1.0402762000903187,2.223781914992569,-2.4376737970078675,1.5733658881044401,2.1281878757951245,1.0316792316705974,-0.5826368072032384,2.0378277974540593,-1.605817813368614,1.6412200486264645,1.93216210838772
1,1,0.9786775390796142,0.52,-0.6354529176736017,-0.05380243944551488,-1.2884308322389495,-0.17418246864199324,-0.9904523986724837,-0.21221229980092493,0.9593656962168869,-1.0363046161767302,-0.20791217199585207,-0.3365248808962978,-0.3743539194493599
1,1,0.9803184339110869,0.63,-0.5885103021802934,1.276859900987283,-2.34169697252171,-0.3275250709475892,-1.0607084844343344,-0.21221229980092493,0.01010019764926086,0.5460698672134329,-0.18183580588393602,0.38929155431515833,0.052586250119641575
1,1,0.9691252406530589,0.79,-0.34080766364343207,0.6603461830854658,-1.2114666893029844,0.2561568826300682,0.31247864636547534,-1.0366968242193562,-0.9581951256709409,0.39853336861820726,-0.4744037161904432,0.7379111607058556,0.956553314218282
1,2,0.965641851321545,0.79,-0.710044002016357,0.7465289976776263,-0.053896808524605086,0.9309157621705465,0.18474030861665586,-1.0366968242193562,-0.36557245273349426,0.04562970685493284,-0.8669121242892855,0.9336516237048823,0.8753386232891297
1,2,0.9676025265239354,0.79,0.04258956098655039,0.14162489980376075,-2.4376737970078675,1.9125160088861737,1.3535460990183545,0.46171793284494866,-1.4177151664263847,1.9472112443045217,-0.4472668970600722,1.1209307474316548,1.0216776332533464
1,1,0.9734020952495258,0.6,1.0855098895185435,0.14162489980376075,0.9349430860985807,0.3776678066546361,1.4256270181766169,2.3509115518204147,-0.36557245273349426,0.47184625835225513,0.023290947556070377,-1.0511214629583103,0.4534872617259311
1,2,0.970428998820471,0.72,-0.8425901787049548,0.20178274799303278,-0.8651123586406806,0.8018008205925712,1.056098255403246,-0.21221229980092493,-0.7003844510656587,0.2546397465315043,-0.723912304162236,1.749710358626035,1.159620322442762
1,2,0.9675646998704049,0.72,-1.0520979248327555,0.7040199776136826,0.17713372511912476,0.9079790467601415,1.5351170219613193,-0.6015559134161814,-1.1299207820950814,0.5460698672134329,0.1485070729068463,0.9336516237048823,0.9220150959969234
1,1,0.9807272299597183,0.72,0.27526175367053785,0.7465289976776263,-0.22702579253865451,0.5344549517312704,-0.01507894829042612,-0.4803954691790969,-0.16919409382526182,-0.15518386067745923,-0.33982508634143566,1.3007592989954977,0.25044151569543904
1,1,0.9725465208441153,0.67,-0.48649471422144874,0.4219935287102227,-1.501209731550881,-0.015825214908221925,-0.7368005565712564,-0.21221229980092493,0.46996319612552484,0.7742050085597559,0.29593057555972513,0.24051578441296462,-0.07302979219868833
1,1,0.9756592873596411,0.44,-1.3931112887606687,0.20178274799303278,-0.5371806561152783,-0.5264458146343112,-0.39920637823509053,-0.21221229980092493,-0.16919409382526182,-0.7084457304095593,-0.6396552688360339,-1.1718122270402245,-0.2379036272583335
1,1,0.9925780100131203,0.47,-1.4096804884089997,-0.19881088837302718,-1.197153025826795,-0.02599080507202642,-0.39920637823509053,-2.098947002167742,0.17504646199648796,0.11438900095332556,-0.5290187085746301,0.31564777154103807,0.2984459562431709
1,1,0.8264731686877244,0.21,-1.418063978446474,-2.8420161339883485,-0.9080684891288457,-0.7641251499191882,-1.1565122377459491,0.46171793284494866,0.8910541794329174,-2.0781672976146273,-0.23408902618478558,-1.9155422263308557,0.24104320493859957
1,1,0.9843253556629544,0.84,-0.29931013255773997,-1.2295305694606058,0.5317552388062021,-0.6061873559262974,-0.32621304237862225,-1.5298633246327806,0.46996319612552484,-1.92562184382018,1.8359754627431004,-1.9155422263308557,-1.6316580509543495
1,1,0.9868918695108525,0.75,-0.607815842598469,-0.05380243944551488,0.3404861604794741,0.11204453049187403,-0.008692031402985145,0.7576533290616105,0.46996319612552484,0.47184625835225513,-0.5840985345508589,0.6021063932779587,-0.02906510171876404
1,1,0.9812668926406564,0.52,-0.6354529176736017,0.31568789235092903,-1.4567181701009897,-0.5349227568494793,-0.4630755471095003,0.46171793284494866,-0.36557245273349426,0.04562970685493284,0.4404339331863712,0.6705747481356811,-0.36935470018860883
0,1,0.9713594246778398,0.54,1.6948014933186162,-1.2295305694606058,1.1218444931173561,-0.6064746896393796,-0.8709258112075169,0.051645572200884504,1.6077463461290384,0.1840590141788492,1.6328044876673917,-0.4280822277495932,-1.2134679672549924
1,2,0.8977264727788925,0.83,-0.020145464842554535,1.3646248435340769,-1.5745434447288396,0.9932810364888335,-0.2440955395400954,-1.0366968242193562,-1.2529007886274393,0.1840590141788492,-0.23408902618478558,0.9336516237048823,0.33416029233602906
1,1,0.9897444016875476,0.69,-1.611573322407977,-0.5356362700608086,0.9138512971478496,-0.01328699889066901,0.9183233339741622,-0.21221229980092493,-0.36557245273349426,-1.0877602468596328,-0.6957015181436527,0.8694013481225966,-0.38594290802251396
1,1,0.9679039421912682,0.95,-0.2290488901996023,-0.5356362700608086,0.38328262512769906,-0.316717055817952,0.30244206268521096,1.2868173395019873,1.738077458381015,-0.47165875735549145,-0.6396552688360339,0.005196793446652558,-0.9245993995089167
0,1,0.9800078044063419,0.4,1.97630274942406,-1.2295305694606058,1.163433736252047,-0.8751475443040346,-0.5944635516511433,0.46171793284494866,1.522929323655583,-0.15518386067745923,0.6752300811705723,-1.299416121431032,-0.509738900929583
0,1,0.9768294722459242,0.68,2.6325835835805713,0.14162489980376075,1.3701842400863022,-0.07301789558201992,-0.3353372093606808,0.46171793284494866,1.0629289981151344,0.1840590141788492,1.6942542670926108,0.24051578441296462,0.08191807685884325
1,1,0.9164554706353557,0.34,-0.28487749975433113,-0.19881088837302718,0.5326352628953764,-0.21787974981283093,-0.5251198825874983,1.0316792316705974,-0.36557245273349426,-1.4224495260802865,4.884872804889114,-0.5225483235846493,-0.6985956834190787
1,1,0.9616005935882079,0.66,0.6751513135023799,-0.8451197500952645,0.9776841131334278,0.15888566994939193,2.21942954561571,0.2720959355697481,-0.07759917732873126,-0.532221579309705,0.5352302962486778,-0.6202193793009496,-0.09923107071500832
0,1,0.9859826973163192,0.65,2.0702418872256008,0.20178274799303278,1.083842513724669,-0.678603464586135,-1.0342484001863648,0.7003280268731025,1.1188509943095364,0.47184625835225513,1.2545057197815617,0.08540068481412683,0.0010828670502029186
1,2,0.9693216522946079,0.75,1.1002143040923293,0.014037321363229115,-0.36670395040198217,1.0068185727605854,1.673804360088609,0.6655019968000374,-0.36557245273349426,-0.9839382663666959,-0.6118165130825998,0.31564777154103807,0.385893750642336
0,1,0.9192571415076609,0.98,1.5418201967093486,0.5216505890763011,0.5626777449638206,-0.5507887523073814,0.17014164144536217,-0.21221229980092493,-1.0082283255774434,0.1840590141788492,0.9701319010791131,0.6021063932779587,-1.4346977108834142
1,1,0.9771878554993283,0.54,-0.6354529176736017,-0.7351455418440702,-0.8905288239305895,-0.6582076352448819,-1.1930089056741833,-1.0366968242193562,-2.252222626593486,-1.3313776133671835,0.7671616292347558,0.005196793446652558,-3.3524701072659284
0,0,0.9085311588075382,0.26,0.38240391133242074,-1.2295305694606058,0.9548975582260608,-1.9003748104923641,0.40372031618606075,-1.0366968242193562,0.46996319612552484,-0.7084457304095593,0.27156753211147633,-1.0511214629583103,-0.015495365193805156
1,0,0.9374848869748676,0.75,-0.5509305062125767,0.07910732685573385,-0.6859966271599026,-1.0289539657190616,-0.6254857193901423,-1.0366968242193562,0.2528225914658929,-0.4101852162741469,-0.12997996577716855,-0.16115831672467945,-0.09560479349557073
1,1,0.9823024226730681,0.89,0.5622507255071134,0.2597525467194058,0.1661414633748368,0.4011780975834836,1.088032839840451,0.46171793284494866,-2.0098809554525814,1.0911352648013546,0.17328804024303457,0.5324470164903913,-0.2254495353167776
1,2,0.9005385621129098,0.9,0.6728465536914635,1.8514012944922966,1.0284791778136004,1.8702627699896854,2.173808710705417,-0.21221229980092493,-0.2847637402988365,1.6808258996186958,-3.5783196730445455,1.1816573971431557,3.1080252220572335
0,1,0.9674475033981199,0.36,-0.5695526283326386,-2.8420161339883485,0.08683822278572766,-0.6477548280132199,0.3033544793834168,-0.21221229980092493,-1.3369591974636594,0.39853336861820726,0.1485070729068463,-0.5225483235846493,-0.6976814196104422
1,1,0.9450949025179316,0.56,-1.3139670397931267,-1.2295305694606058,-0.9261166206186829,-0.16423401930792234,0.1792658084274207,-0.21221229980092493,0.7279353218755003,-1.989372182719352,-0.8669121242892855,0.6705747481356811,-0.18964499344992491
1,2,0.9773197977506088,0.8,-0.500476613450234,0.7040199776136826,-1.197153025826795,1.0961727840472093,0.09349863879607047,-0.6015559134161814,-2.1518437627776206,1.76871029538684,-0.2867489047326927,1.1209307474316548,0.8579361254539941
0,1,0.9577612239846262,0.54,1.8657476292614716,0.14162489980376075,1.2517000357014687,-0.8437806906744737,-1.1291397367997735,0.46171793284494866,1.0629289981151344,0.11438900095332556,1.1026215156811021,0.08540068481412683,-0.9108121960887509
1,1,0.996235985113925,0.68,-1.2332770130198445,-0.5356362700608086,-0.09347831319346941,-0.43698624395548263,-1.0105255660330126,-0.21221229980092493,0.32777191958665275,-0.7084457304095593,-0.36652241012903014,-0.6202193793009496,-0.7109804542819589
0,1,0.9697235767745978,0.61,0.5648106353659804,-2.1957072722661115,0.5905363076047809,-0.5861195640178617,-0.1829636207603032,-0.21221229980092493,-0.07759917732873126,-0.08915672396045982,0.5587436478105144,-0.721445577368951,-0.8740006844096091
1,1,0.9747298212653749,0.62,-1.0580589743932658,-0.19881088837302718,-0.5621887140835988,-0.5490861717248331,-0.18935053764774418,-0.21221229980092493,0.17504646199648796,-1.0363046161767302,-0.667616394516038,0.8041699820500544,-0.48423053787646386
1,2,0.9528419519944126,0.88,-0.17087655373524394,1.0160356166928368,-3.1216884178061175,1.9512235436552479,-0.6090622188224369,1.2868173395019873,-1.8770639208708433,1.5938522229776824,-0.723912304162236,1.6412200486264645,1.1752298281452092
1,1,0.9690094904298796,0.51,-1.0640539902314154,-1.2295305694606058,-1.0470014441031683,-0.11582610642314932,0.1756161416345973,0.46171793284494866,-0.9581951256709409,-1.138305158415405,-0.12997996577716855,1.4739615241153665,-0.1816705401568545
1,1,0.9555489998869168,0.87,-0.2427307791412731,-0.19881088837302718,0.3662856568115694,0.2126057190525333,0.7321903275401681,-1.0366968242193562,0.8400166372846222,-0.532221579309705,0.4404339331863712,1.1209307474316548,-0.2572906794040953
1,1,0.9714344774787129,0.65,-1.2765210080405742,0.6154419803267769,-1.1831610450957808,-0.3644572815296015,-0.9192838962124271,0.46171793284494866,1.8988079474908315,-0.5918736821367875,-0.8380467015965908,0.31564777154103807,0.15958929532851326
1,2,0.9701468641756,0.79,-0.5435729766980897,1.15177663379782,-1.5491269794389306,1.280222290100867,-0.2696432070898593,-1.0366968242193562,-0.8252639081179262,1.0105366220502583,-0.2867489047326927,0.8694013481225966,1.0505360417628529
1,1,0.9801256386041891,0.52,-0.9999158704541704,-1.2295305694606058,0.6240729401363554,-0.3161772975952277,0.3872968156183554,0.46171793284494866,-0.16919409382526182,-1.0363046161767302,0.09868564613984761,-0.6202193793009496,-0.4989995591719565
1,1,0.9413789120262852,0.84,0.2718895634985976,-0.19881088837302718,1.0643092764747797,0.6084062917034935,1.1427778417328023,-0.6015559134161814,2.005933801015166,1.1726446266795818,0.32021254331366417,-1.1718122270402245,0.1959869023461389
1,2,0.938250544147137,0.92,0.18386815687905264,0.7040199776136826,-0.17558781746348168,1.8572956386239816,1.2613920124995632,0.46171793284494866,-0.36557245273349426,1.4226370270770496,-0.8959140288048689,1.1816573971431557,1.3462242150948327
1,1,0.9509075125491082,0.75,-1.04617045882821,-0.6322715403590082,0.11841429851053094,-0.8462086439221072,-0.7048659721340516,1.2868173395019873,0.46996319612552484,0.1840590141788492,-0.33982508634143566,-0.8266459331430416,0.19127299786575747
1,2,0.9379100031778448,0.77,-0.6000510661530397,0.4726007564556621,-1.65768235172346,1.5053566570645593,-0.35358554332479786,2.0424594094318946,0.20650975010478756,1.25506470768494,-0.8380467015965908,-0.16115831672467945,1.385231807914348
1,1,0.9847505956965449,0.57,-0.7674065996637578,0.07910732685573385,1.1659828368012433,-0.1678968973584608,-0.321650958887593,-0.21221229980092493,-0.36557245273349426,-1.4224495260802865,0.8127217981786529,0.31564777154103807,-2.349788343981808
0,0,0.9609286863852204,0.26,0.8150669703821561,-1.2295305694606058,1.6198787380402866,-1.5898988622440262,-1.2021330726562418,-0.153547459915349,0.4184880074736381,-1.4666194037461413,1.0806907526482334,-0.8266459331430416,-1.0383919754298447
1,0,0.9354360963434135,0.6,-0.799640442512309,-0.6322715403590082,0.049766742476022176,-1.4392700513092505,-0.8462905603559588,0.46171793284494866,0.5900579663215058,-0.821374902173807,0.5587436478105144,-1.0511214629583103,-1.235964731414253
0,0,0.9795409088319414,0.51,0.06338317124190493,-1.3814544035663068,0.0795984093575507,-1.5220869448480023,-1.2504911576611522,-0.010826884360224519,0.7303587986946545,-0.47165875735549145,0.7671616292347558,-0.9363288719338067,-0.91233947301313
1,2,0.9618678861733473,0.77,-0.412748952189742,1.2155448884760984,-0.8651123586406806,1.5604008158104488,-0.4256664624830603,-0.031887456222687516,-0.41773452849773707,0.11438900095332556,-1.0133262702272319,2.21203613427618,1.160761950596648
1,1,0.9720826263130965,0.94,-0.12802971963402446,-0.1246582726459355,0.385514229450229,0.24409501554754684,0.4402169841142949,-1.0366968242193562,-0.5826368072032384,1.0911352648013546,-0.12997996577716855,0.5324470164903913,-0.09560479349557073
1,2,0.9629668219047104,0.85,-0.4257784986847874,0.31568789235092903,0.31979121925281406,0.8843074254808607,0.36266156476679734,-1.0366968242193562,-0.12288818506900186,0.6972492423171838,-0.39332760320959764,0.6705747481356811,-0.07010685476295692
1,2,0.9547900472773686,0.91,0.86332437514022,0.867650061028734,-0.5084393869545422,1.8517308798880687,1.1154053407866267,1.2868173395019873,-0.1137504716900485,1.6808258996186958,-0.33982508634143566,1.4739615241153665,1.256907445607158
1,1,0.9599986302877774,0.66,-0.6475232882962277,0.14162489980376075,-0.36670395040198217,0.012025689853969505,-0.32621304237862225,-1.0366968242193562,-0.36557245273349426,1.0105366220502583,-0.4744037161904432,-0.07694055427267435,0.037725973467721725
1,1,0.9621989410674029,0.58,-1.8488798436909057,-0.9632473970109096,0.07042862741900159,0.4011780975834836,0.8599286652889876,0.14006267852677254,-0.8124301483734707,-0.22030027826732773,2.9327566318378726,-0.24762306969048928,0.08428997566627537
1,1,0.9782596818855482,0.56,-0.8975829649131482,0.36972675497060015,-0.8406928782546539,-0.316717055817952,-0.10723303480921735,0.46171793284494866,0.32777191958665275,-0.9839382663666959,1.5915938225136947,0.16380155051923737,-0.5656530770253991
1,1,0.9866193726695456,0.61,-0.20486110235261434,-0.9632473970109096,0.9677081493799762,0.12688191909959456,0.1482436406884217,-0.21221229980092493,0.01010019764926086,-1.92562184382018,0.12363991012089788,-1.0511214629583103,-0.23861792541978716
1,0,0.9495886411258642,0.53,-0.2935133000811694,-0.1246582726459355,0.4357784143200446,-1.173659840105962,-1.3389955773871198,0.46171793284494866,0.17504646199648796,-0.47165875735549145,0.19798370228505288,0.9969637879758771,-1.4576455872968004
0,0,0.9434391033106274,0.45,-0.40629419309194786,-0.6322715403590082,-1.357681796758197,-1.5656871495025948,-0.8736630613021344,-1.5298633246327806,0.32777191958665275,-0.22030027826732773,-0.3132343399731044,-1.299416121431032,0.6349666151318404
1,1,0.923245955667293,1.0,-0.31394350381643416,-1.9499920469099346,-0.27984791631029804,-0.22052464268163627,0.40372031618606075,2.3509115518204147,2.592544705285015,-0.5918736821367875,2.24811862255464,-1.1718122270402245,-2.9698602046395073
1,2,0.9628957388585514,0.81,-0.04952995609732682,1.15177663379782,0.6398172537436518,0.7820899440280912,-0.13460553575539297,-0.21221229980092493,-0.5826368072032384,1.0911352648013546,0.9478355987533421,0.9336516237048823,0.09991921172561455
1,0,0.9055930859765293,0.92,-0.8328931291122736,-0.05380243944551488,-2.0061086208683534,-1.721967583294549,-0.8736630613021344,1.5255043585683932,-0.5826368072032384,-1.2366628241455562,-0.9250543695922565,-0.4280822277495932,0.24615193764878354
0,1,0.9416739793587438,0.63,0.3197590753408147,-0.4445261137292046,0.049766742476022176,-0.736812105466132,-0.6729313876968467,-3.1601754944416274,-1.7930450302866323,-1.5098785622848652,0.5587436478105144,-0.6202193793009496,-0.7865031341769894
0,1,0.9514561998173882,0.62,0.43141777055447716,-0.9632473970109096,-0.5776903514737896,-0.5718400164478402,-0.3608848769104447,0.14006267852677254,1.2594009674266546,-0.022218868116328953,1.0806907526482334,0.16380155051923737,-1.222911348156536
1,1,0.9667820424020995,0.7,0.0978156596323233,-0.19881088837302718,-0.35196676678196265,0.28259764279899324,-0.32621304237862225,-0.21221229980092493,0.01010019764926086,-0.821374902173807,0.09868564613984761,0.24051578441296462,-0.28310467401469347
1,0,0.9148868662273191,0.59,-0.8573054176392879,0.5692360267538618,-0.39726797326068986,-1.4463352652111183,-1.2057827394490652,-0.21221229980092493,0.6726403599919031,-0.650615065836739,-0.8959140288048689,-0.9363288719338067,-0.29449288644255783
0,0,0.9789605880370242,0.37,1.9533267800505543,0.36972675497060015,1.571906266688683,-1.1818928455772804,-1.256878074548593,0.46171793284494866,1.2983849807546117,0.6212041952017432,0.5116433499323776,-0.9363288719338067,-0.6184326491176698
0,0,0.9856733600580925,0.45,1.2144425912197974,-0.05380243944551488,1.1215030525058725,-1.8959343116287506,-1.8545110118734272,0.5709988633142483,0.6738853817838834,-0.532221579309705,1.4247357176645963,-0.721445577368951,-1.917132371188398
1,1,0.9685105143011529,0.8,0.45154094417010554,0.14162489980376075,-0.30297162736404015,0.6959000431669846,1.7723453634948414,0.46171793284494866,-0.5826368072032384,0.8520714939294589,0.22259493397184507,0.4615322127414971,0.293761893896693
1,2,0.9578172729540402,0.84,0.4726827626994607,0.9435688750345109,0.2322158039652853,0.8284151760543518,1.4219773513837934,0.10630546599374488,0.2189618847524782,0.6972492423171838,0.09868564613984761,-1.0511214629583103,0.7864618601919634
1,1,0.9857403485425751,0.53,0.4241366173917321,0.07910732685573385,0.5783991408224859,0.2585659909296401,1.3800061832663242,0.46171793284494866,-0.9581951256709409,0.1840590141788492,-0.556499774788773,-0.6202193793009496,0.29584539716446956
1,2,0.9854621443366129,0.77,0.21105629590274547,0.7879337615259974,-0.7799015131634709,0.7512963432171503,-0.7276763895891979,0.46171793284494866,-2.252222626593486,-0.08915672396045982,-0.0020211041885737713,1.1816573971431557,0.15817312074475748
1,2,0.9655964419065798,0.72,-0.2935133000811694,-0.5356362700608086,-0.8651123586406806,0.8950788626062635,-0.05248803291686612,-0.21221229980092493,-0.5826368072032384,0.04562970685493284,0.048512111340393176,0.8041699820500544,-0.12683975666739333
1,1,0.9789226872399469,0.7,-0.28487749975433113,-2.8420161339883485,-0.04271846626558998,0.5743949077276268,0.9511703351095729,-0.6015559134161814,-0.6524757105852792,-0.7653656758552486,-0.36652241012903014,0.24051578441296462,0.12468235099683302
0,1,0.9898881867664908,0.51,-0.8043269644391244,-1.9499920469099346,-0.42941017764971173,-0.7462928084563389,0.25773364447312413,-0.21221229980092493,-1.4177151664263847,-1.4666194037461413,-0.3132343399731044,-0.5225483235846493,-0.4614859838124557
1,2,0.9154855318269778,0.77,-0.06337387205601944,1.3928378593998636,-0.6044162114406991,1.3128978758473357,0.37817264863629685,-0.21221229980092493,-1.1002883968126078,0.7742050085597559,-0.5016538429334375,1.1209307474316548,1.1956594857548517
1,1,0.9573469846443365,0.59,-1.04617045882821,-0.9632473970109096,-0.9638625371085484,-0.11064898528943203,-0.5543172169300856,0.14006267852677254,-0.47125020715774846,-1.4224495260802865,-0.8093158518378715,0.8694013481225966,0.5775236067641988
1,1,0.9790054017481766,0.55,-0.12064637401498503,-0.1246582726459355,-0.12301508962524958,-0.049449489262614915,-0.5999380518403784,-0.6015559134161814,0.01010019764926086,-1.712513568071519,0.9030543062667665,-0.4280822277495932,-1.7239521460238172
1,1,0.9675399313451667,0.64,-0.7317380166338571,0.014037321363229115,-1.09314232291339,0.09716468843757167,-0.4630755471095003,-0.031887456222687516,0.4000927424901746,-0.7084457304095593,-0.5290187085746301,-0.07694055427267435,-0.1552331926571557
1,1,0.9563382054564429,0.79,0.16721151717806731,-0.19881088837302718,-0.1031690448461105,0.5561717083692868,2.228553712597768,-0.21221229980092493,0.8457502482496358,1.338395507817429,-0.052921848539954144,0.31564777154103807,0.4461734481865128
1,2,0.9638070120958621,0.7,-0.8573054176392879,-0.1246582726459355,-0.42941017764971173,1.0648580390731357,2.0004495380463045,-0.6015559134161814,-2.252222626593486,1.76871029538684,-0.667616394516038,0.24051578441296462,0.7120000171364101
0,0,0.9825945932370178,0.68,1.2295025058109246,-1.3814544035663068,1.1111717821763172,-1.760442927183037,-1.5643625018439657,-0.6015559134161814,0.6788579665575953,-1.0363046161767302,1.2113968805541653,-0.9363288719338067,-1.0810819579634101
1,1,0.9692326949220139,0.59,-0.3714839600447585,-0.6322715403590082,0.4832388632591837,-0.1678968973584608,-0.8736630613021344,-0.21221229980092493,-0.16919409382526182,-1.8923805956798974,-1.5404219377806723,0.005196793446652558,-1.3452311403638575
1,2,0.9299606851180897,0.96,-0.3560340138012995,0.2597525467194058,-0.22109606258055728,0.8843074254808607,-0.39920637823509053,-0.4408738499636281,-0.799675756852916,0.39853336861820726,-0.15585877939291692,0.6705747481356811,0.48378477480088605
1,1,0.9527321244253798,0.69,0.5749884408083366,-0.9632473970109096,0.4879808278370444,0.16133941582981667,1.4301891016676462,0.14006267852677254,0.01010019764926086,-0.022218868116328953,0.9030543062667665,0.9336516237048823,-0.002656576110447763
1,0,0.9829782711101452,0.5,1.503238908705085,-0.7351455418440702,1.2769502259364602,-1.4661911767047977,-0.3170888753965637,1.0316792316705974,0.5507983061438235,0.1840590141788492,0.6752300811705723,-1.0511214629583103,-0.8700072132482882
1,1,0.980159936975624,0.9,-0.9235626165476971,0.20178274799303278,0.14191206601255427,0.28259764279899324,2.77600373152128,0.46171793284494866,0.17504646199648796,-0.532221579309705,-2.0879025523618373,1.8559630337905975,0.6154304760190205
0,0,0.9174592551751742,0.84,0.47686062033851573,0.8282901900630332,0.5576294718520869,-0.9998713949289492,0.5332834873312919,0.7576533290616105,1.1654660064843807,0.04562970685493284,0.9030543062667665,0.6705747481356811,-1.3414776018433379
1,1,0.9386413869160093,0.77,-1.4786968608530804,-1.3814544035663068,0.1302740273649811,0.35642175055233905,1.9092078682257194,0.3043815853330995,-0.21656362073899424,-0.22030027826732773,-0.9543351481974107,0.6705747481356811,0.5468451213876392
1,1,0.9600914370019658,0.68,-0.7317380166338571,-0.1246582726459355,0.5977066395143508,0.03721337537452032,2.411037052238939,-1.5298633246327806,-0.16919409382526182,-0.7084457304095593,-0.556499774788773,-0.07694055427267435,0.5731791767562292
1,1,0.9711264495191013,0.55,-0.847472426133768,-1.2295305694606058,0.5905363076047809,0.3279640398892507,0.8416803313248705,-0.21221229980092493,-0.9581951256709409,0.1840590141788492,-0.8669121242892855,-0.3365248808962978,0.04865649456563764
1,1,0.9314759980019038,0.51,-1.0520979248327555,0.20178274799303278,-0.5274520685047345,0.28259764279899324,-0.13643036915180468,-0.21221229980092493,0.6563863074051202,0.39853336861820726,-0.723912304162236,1.4739615241153665,-0.03128436452810291
1,1,0.9487368522571432,0.61,-1.0945524280518173,0.20178274799303278,1.096769281296904,-0.2073145099385114,0.1756161416345973,-0.8127385888496008,0.2528225914658929,-1.2844755783199353,-0.18183580588393602,-0.721445577368951,-1.0136230309236114
1,1,0.9638561760367156,0.66,-0.41599124268462995,-0.8451197500952645,0.1817859281294234,0.24409501554754684,0.12999530672430462,0.46171793284494866,-1.1002883968126078,-0.5918736821367875,-0.5290187085746301,0.6705747481356811,0.18208344856344671
1,2,0.8748679647927955,0.94,0.8497609146828387,2.2403001331062407,-1.4567181701009897,2.1068352214012256,1.475809936577939,1.1614451567898636,0.6029801798740657,1.9472112443045217,-1.0133262702272319,0.9969637879758771,2.549965436304804
0,0,1.0,0.51,-1.1985503480769841,-2.1957072722661115,-1.0145097101819012,-1.6892270804132128,-1.6802394225161092,0.46171793284494866,0.9571970540236008,-0.4101852162741469,0.46424588044735793,-0.9363288719338067,-0.520123401219729
1,1,0.9146283071386305,0.52,-1.4610137146391204,-0.5356362700608086,0.5120731794344995,-0.6407999376427479,-0.5634413839121442,-0.21221229980092493,-0.8252639081179262,-0.28450597673006556,0.9254765779058884,0.005196793446652558,-0.6578743840019715
1,1,0.9465079471659875,0.32,-0.9886631168475218,0.14162489980376075,0.2880505578349332,-0.8635481976843706,-0.8262173929954301,-1.0366968242193562,0.5040303489184779,-1.0363046161767302,-0.7522504545885529,-0.9363288719338067,-0.7822039743154541
1,1,0.9405800292312494,0.48,-1.7179388148527852,-1.0908349754514413,-0.8171951107526306,-0.5632939168623956,-0.5543172169300856,0.46171793284494866,1.7119095348158004,-1.1879393508440461,-1.1029191676436352,1.5860902810470476,0.3715692705363605
1,1,0.959273894587773,0.91,0.16907533065564984,0.7465289976776263,0.8920198730515098,0.46763666724805647,-0.25230728982394807,-1.0366968242193562,0.46996319612552484,1.4226370270770496,-1.2863173948231492,-0.5225483235846493,0.17115609568831328
1,1,0.9495205688085009,0.78,-0.19956072624109966,-0.6322715403590082,0.22792680693964534,-0.06096370977683178,-0.2805922074683295,-0.8127385888496008,-0.36557245273349426,-1.5936647219809197,0.6983158796054187,0.6021063932779587,-0.38516802635177577
1,1,0.9845549717845864,0.82,-0.25659293530580274,0.14162489980376075,0.27886531521898633,-0.9280542973169394,-1.0105255660330126,-0.6015559134161814,0.4972617884099805,0.1840590141788492,0.023290947556070377,0.8694013481225966,-0.5579883209490971
1,1,0.9669348349332654,0.8,0.07158689649360386,-0.3583432991370441,0.7984249380534819,0.585754687482006,1.6811036936742558,-1.2750764404486565,-0.36557245273349426,-0.08915672396045982,0.721332661737087,0.08540068481412683,0.08813714019850052
0,0,0.988572068647621,0.59,0.6495169407965844,-1.9499920469099346,0.6902793169778422,-1.4940304067789216,-0.5105212154162047,0.0722376951669258,1.311217599713063,-1.4666194037461413,3.10983897453675,-0.8266459331430416,-2.532007883997544
1,1,0.9690015462943163,0.89,0.24624761767113867,0.4219935287102227,-1.069644555411367,0.06227789151433269,0.6591969916836998,-0.4017695734898563,0.01010019764926086,-0.4101852162741469,0.07364335924366855,0.6705747481356811,-0.21695968615604244
0,1,0.9812918799338413,0.85,2.023042383057793,0.6603461830854658,0.6148941458008221,-0.3124006980355885,-0.3627097103068564,-0.21221229980092493,0.3011028600050011,0.47184625835225513,0.9030543062667665,-0.07694055427267435,-0.18756122572453182
0,1,0.981412172218267,0.71,2.6861831591056027,0.014037321363229115,1.6293171217764928,0.15102596094528167,-0.5689158841013793,-0.1827637106436161,-1.4177151664263847,1.4226370270770496,0.048512111340393176,-1.1718122270402245,0.5508247479833701
0,1,0.9828884180344413,0.65,0.8039225746479325,0.9435688750345109,0.20005472839330068,-0.5131968493443115,-0.34628620973915103,1.9611577778937281,0.01010019764926086,0.5460698672134329,0.7671616292347558,0.31564777154103807,-0.3219716692402909
1,1,1.0,0.49,-0.7949747034560993,-0.6322715403590082,-0.36670395040198217,-0.8910722783705998,-0.5816897178762612,2.7035222173946254,2.915854882807239,-2.0198812734782416,0.39257996736964157,-0.07694055427267435,-1.2401348860975654
0,1,0.9229872506731535,0.71,0.7279087698274657,-0.05380243944551488,1.0136303743022834,-0.5935628565217481,-0.48132388107361734,-0.6015559134161814,0.10736859368316744,-0.15518386067745923,0.721332661737087,-0.07694055427267435,-0.19242717951765212
1,1,0.9564259012967508,0.64,-0.9775294422329024,0.20178274799303278,-1.1175618032994168,-0.49269440163622535,-0.9649047311227198,0.14006267852677254,-0.36557245273349426,-0.7084457304095593,-0.4744037161904432,-0.4280822277495932,-0.09231474804177581
1,1,0.9813889393385353,0.75,-0.05412438450288258,0.36972675497060015,-0.711413092449812,0.4502248843005044,0.018680469543190466,-0.6015559134161814,-0.4389744539815538,-0.8764734093652343,-0.6396552688360339,0.31564777154103807,-0.08542593121479808
1,1,0.9880148171387851,0.58,-0.4290612546489194,0.5216505890763011,-0.3200306928167529,0.31129444856951527,0.04057847030013095,0.14006267852677254,0.2528225914658929,0.5460698672134329,-0.2867489047326927,1.1816573971431557,0.6974750811684407
1,1,0.9842433680850421,0.67,0.03415566866719397,0.7040199776136826,0.6715682178696991,0.35523898278361016,-1.0059634825419832,2.3509115518204147,1.1388160924892579,-1.9579523728333317,0.6983158796054187,0.16380155051923737,-0.45101964376077164
1,0,0.9322658093721741,0.61,-0.4692746500717217,0.7040199776136826,0.5448267533282186,-1.2973337125270452,-1.393740579279471,0.46171793284494866,-1.1002883968126078,0.1840590141788492,0.6520746418435466,-0.24762306969048928,-0.8865317157460302
0,1,0.9687537560055455,0.53,1.2708197786303677,-0.3583432991370441,1.0487667375748368,-0.047405270063194574,-1.1619867379351843,-0.3630739176207867,0.44090538618602954,0.1840590141788492,0.5116433499323776,-0.07694055427267435,-0.8600581959742979
0,0,0.972552177193872,0.63,-0.24548863768745618,-0.2765821067516372,0.7569017585762817,-1.7273276172132144,-1.9530520152796593,0.46171793284494866,0.46996319612552484,-1.4224495260802865,0.487982113469524,-1.299416121431032,-1.1354222543956813
0,0,0.976558875621614,1.0,0.6751513135023799,-0.8451197500952645,1.2388217082187163,-1.9434863659100072,-1.3736674119189423,-3.5942950013726556,-2.252222626593486,-1.2844755783199353,1.4876918829203607,-1.1718122270402245,-2.238879410602838
1,1,0.9600309578924594,0.27,-0.4389714293282232,-2.1957072722661115,-0.3340226735477674,-0.39563908980088197,0.6318244907375241,-1.0366968242193562,-0.5826368072032384,-1.9579523728333317,0.8580178435243604,-0.4280822277495932,-2.0951271618275205
1,1,0.9722384327887175,0.56,-0.8975829649131482,0.31568789235092903,-2.0061086208683534,0.6981260773658852,-0.23497137255803688,-1.0366968242193562,-1.9646515432919875,1.25506470768494,-0.5840985345508589,1.4739615241153665,0.671040768691358
1,1,0.9539629433204896,0.54,-0.004656526791866754,-0.7351455418440702,0.6449781104991156,0.5812135068457532,0.8508044983069291,0.0031472475851844492,0.7758719025959455,-0.28450597673006556,0.09868564613984761,-0.5225483235846493,0.3051876238779288
0,0,0.9921113488281423,0.74,-0.4257784986847874,1.0510698573691555,0.2030480848293591,-1.1334030323460769,-0.8736630613021344,0.14006267852677254,0.32777191958665275,-0.22030027826732773,0.6288489275573552,0.7379111607058556,-0.9159076143791114
0,0,0.9742302978747206,0.37,1.376430971294066,-0.6322715403590082,0.74388490246031,-1.3068574351873894,-0.5908138848583198,0.14006267852677254,1.3510365880771644,0.04562970685493284,0.9030543062667665,-1.299416121431032,-0.8105589626760407
0,0,0.8952114465022704,0.58,0.6183938714134852,-0.2765821067516372,1.4692947204579792,-2.0231186137505013,0.43474248392505976,1.0316792316705974,-0.47125020715774846,0.5460698672134329,1.7349806484115657,-1.1718122270402245,-0.6289892159905927
1,1,0.9705336171023214,0.15,-1.611573322407977,-1.2295305694606058,-1.65768235172346,-0.42647694892188587,-0.8992107288518983,-0.21221229980092493,1.8697403862856234,-1.712513568071519,-0.723912304162236,-1.9155422263308557,0.8439285992716973
1,2,0.9642489471464868,0.74,-0.48302808033412475,0.014037321363229115,0.29838468618513314,1.1252574972136593,0.339851147311651,0.14006267852677254,0.09422191308121877,0.8520714939294589,0.34441423944080574,0.5324470164903913,0.32422054565204955
1,1,0.9035636399217698,0.83,0.4285113531455874,0.9060614084416432,-0.4171615805423874,-0.8271259599980261,1.0332878379480999,-2.77164961470665,-1.4177151664263847,-0.22030027826732773,0.9478355987533421,-1.0511214629583103,-0.09428802560920875
1,1,0.985156296086318,0.56,-0.7317380166338571,-0.5356362700608086,-0.17012623034202923,0.11699502579564534,-0.6200112192009072,-0.21221229980092493,-0.36557245273349426,-1.4666194037461413,-0.20791217199585207,0.8041699820500544,-0.09791154687096604
1,0,0.9721505699244138,0.6,-0.3935022734143104,-3.300579569080781,-1.956272675192418,-1.6782575472747594,-1.6492172547771102,1.7497338954305641,1.1635037051605237,-1.2366628241455562,1.1244930860472542,0.9336516237048823,-0.5122259561395401
1,2,0.9580441146796889,0.84,0.09582111413839522,1.1189096181778995,-1.2411207193960223,1.962191620655069,1.224895344571329,1.2868173395019873,-0.9581951256709409,0.3261311980112903,-1.3487724194875352,1.9082923351821497,1.6671945791267107
1,1,0.9980882876308546,0.44,-1.4013632717130453,-0.4445261137292046,0.2307894186004473,-0.8898451544355439,-1.256878074548593,-0.21221229980092493,-1.7930450302866323,-1.5936647219809197,-0.556499774788773,1.1816573971431557,-1.527269050265874
1,1,0.9854796514483576,0.78,-1.4436228652551972,-0.9632473970109096,0.300941638195429,-0.2871204607553873,-1.1300521534979793,0.14006267852677254,-0.12288818506900186,-1.3313776133671835,-0.8380467015965908,0.38929155431515833,-0.5014724199931655
1,1,0.9748349892208996,0.64,-1.158336952654183,-0.19881088837302718,0.3674333381308908,0.11204453049187403,-0.7322384730802272,-0.21221229980092493,1.3375481257667237,-1.6341917231382508,-0.667616394516038,0.6705747481356811,-0.6387173011142379
1,1,0.9767737023416314,0.21,-1.6957880507456062,-0.5356362700608086,-0.7585525551780796,-0.03872657066572807,-0.6455588867506711,-0.21221229980092493,0.01010019764926086,-2.04947964511,-0.052921848539954144,1.4739615241153665,-0.7155874531386623
1,1,0.981810555628922,0.8,-0.3998787925259777,-0.6322715403590082,-0.8249295821342257,0.6646451269915112,1.6811036936742558,0.14006267852677254,-0.5826368072032384,0.1840590141788492,-0.26036753920755834,1.0593777708316694,0.03681188853418694
1,1,0.9263668026411247,0.88,-0.736131018560734,-0.7351455418440702,0.22216179408987966,-0.7020291078094447,0.22123697654489,-2.77164961470665,0.32777191958665275,-0.022218868116328953,0.3685364548053309,0.16380155051923737,-0.5507777252093349
1,1,0.9689721047039871,0.72,-1.5149805403243257,0.7465289976776263,0.27355511723533554,0.5798504432089381,1.2048221772108003,0.642101346602259,0.13987326235378333,-1.2366628241455562,-0.5016538429334375,-0.16115831672467945,0.5712200646722848
1,1,0.9738988076252666,0.81,-0.04952995609732682,0.20178274799303278,-0.45465486284763956,0.528726061236878,-0.7550488905353735,-1.0366968242193562,-0.07759917732873126,0.7742050085597559,0.6983158796054187,0.9969637879758771,-0.4211548059046094
1,1,0.991956704044288,0.58,-0.38086401414722465,-0.3583432991370441,-0.7179327011251129,-0.7226296534080601,-0.9229335630052505,0.46171793284494866,-1.4177151664263847,-1.0363046161767302,1.3825022873800406,-1.4352776042108635,-0.5630947166214046
1,2,0.9596368075945003,0.83,-0.04040085385066515,0.4219935287102227,0.09930879296621414,1.5238854696085133,0.18930239210768512,0.46171793284494866,-0.7003844510656587,0.11438900095332556,-0.26036753920755834,1.2415901320067162,0.6299496780441582
0,0,0.980204936549692,0.52,0.9536670575005933,0.36972675497060015,0.7196157339744466,-1.595056252691287,-1.138263903781832,1.0316792316705974,-0.4930514517738952,-0.15518386067745923,1.4667585034592627,0.4615322127414971,-0.9886200833085698
1,2,0.9736903841336829,0.73,-0.25938741884225847,0.07910732685573385,-0.8992368951031252,0.7512963432171503,-0.40468087842432565,0.46171793284494866,-0.8252639081179262,-0.08915672396045982,-0.10419825943128454,0.4615322127414971,0.26350772595097016
1,1,0.9375189305004373,0.71,-0.5695526283326386,0.014037321363229115,0.32349361037744007,-0.24971388083505572,0.12999530672430462,0.7576533290616105,-1.7930450302866323,-0.7653656758552486,1.05870031373875,-2.351209173171575,-0.16720092859879623
1,1,0.9750532954733386,0.61,-0.6195715228078842,0.7040199776136826,0.28018581823664,0.19800893505139924,0.7230661605581096,0.14006267852677254,-0.8252639081179262,0.1840590141788492,-0.052921848539954144,0.24051578441296462,0.11453046347186102
0,1,0.9423157710383178,0.72,0.0062690379794012345,0.2597525467194058,1.0582899721716377,-0.3188766995369607,0.9292723343526325,1.0316792316705974,0.9022263548349172,1.338395507817429,-0.0785125753389159,-0.16115831672467945,0.9381289735624062
0,0,0.95963104855544,0.34,-0.7583754503673255,0.867650061028734,0.19553753610417451,-1.367278916874824,-1.0433725671684233,0.46171793284494866,-0.16919409382526182,1.9472112443045217,-0.027425033615307834,-0.9363288719338067,0.23888731425160392
1,2,0.9338698899612642,0.71,1.7363352182470155,1.7429244971388513,1.3920168919777962,1.6727642309255897,2.6500902271688727,-0.6015559134161814,-0.36557245273349426,0.9308486984262934,-1.7390473335655625,-0.4280822277495932,1.9069026320900486
1,1,0.9721606426809147,0.83,-1.1917404703680103,-0.7351455418440702,-1.3050349346173904,0.035705605674615934,-1.6035964198668173,-0.21221229980092493,0.46996319612552484,-1.0363046161767302,-0.6396552688360339,0.8041699820500544,-1.0882830986220202
1,1,0.9725088461051932,0.65,-0.02909975236206203,1.6265228858909708,0.06672256326562856,0.06727617265170803,0.3690484816542383,-0.6015559134161814,-1.2529007886274393,-0.4101852162741469,0.09868564613984761,-0.07694055427267435,-0.2078079192259491
0,0,0.940004832741191,0.57,-0.7273632808800018,-3.9468884308030185,-0.48999012781885104,-1.310264582625136,-0.02511553197069051,-0.21221229980092493,-0.36557245273349426,-0.5918736821367875,0.09868564613984761,-0.3365248808962978,-0.6985956834190787
0,1,0.9478058053219723,0.44,1.1460804220817018,-0.9632473970109096,0.6623545947399612,-0.9015173526907444,-2.3517781123956176,0.46171793284494866,0.6676527432060587,-0.15518386067745923,0.6983158796054187,-1.1718122270402245,-0.4711997199136892
0,1,0.9558885255598837,0.62,1.9859507381555654,0.8282901900630332,1.8069958988569979,-0.43698624395548263,1.9913253710642462,0.46171793284494866,0.17504646199648796,1.338395507817429,0.8805682439944778,0.005196793446652558,0.3505889527655434
1,1,0.9755191621220605,0.52,-0.9448183381228437,-1.7371438371736785,-0.7871836656443603,-0.4809398170209638,-0.11635720179127589,0.46171793284494866,0.16710506390620683,0.1840590141788492,-0.2867489047326927,-0.9363288719338067,0.4527809883138549
1,1,0.9654799610689255,0.76,-0.46586420159781955,0.4219935287102227,0.5824712085713121,0.40539926522460246,2.7741788981248687,-0.6015559134161814,0.8457502482496358,-0.08915672396045982,0.6288489275573552,0.8694013481225966,0.13592161288620075
0,0,0.9679606500836749,0.42,1.2714730679608586,-0.8451197500952645,0.8231753922788446,-1.2120086461276365,-1.4722084153251744,0.46171793284494866,1.0629289981151344,0.3261311980112903,0.7671616292347558,0.24051578441296462,-0.8173472271589827
1,1,0.9588974947473552,0.74,-1.0520979248327555,-0.2765821067516372,-0.40514930557926404,0.6038831818992766,-0.011429281497602705,-1.0366968242193562,-0.42832714826931717,0.11438900095332556,-0.18183580588393602,0.24051578441296462,0.6301590575465242
0,0,0.9681487487868864,0.76,1.2779837473566908,0.7040199776136826,-0.07453793437982922,-1.551822261793095,-0.8590643941308408,-1.0366968242193562,-0.16919409382526182,-0.3478009560656722,0.46424588044735793,-0.721445577368951,-0.6808446678350628
1,2,0.9640401156662286,0.46,1.7413612903829119,-0.5356362700608086,2.1949312439612574,0.7820899440280912,2.798814148976427,0.46171793284494866,0.7876839539903804,-0.08915672396045982,-0.23408902618478558,-0.3365248808962978,0.32345336101634214
0,1,0.9795134515520854,0.41,1.485271539504875,0.014037321363229115,1.3621146611464625,-0.9200136834016098,-0.5743903842906144,0.5829444884185702,1.388341609714473,0.2546397465315043,1.7755180411430627,-1.4352776042108635,-0.8930788449320682
0,1,0.9575323293418707,0.56,1.6899862792709193,-0.9632473970109096,1.172939523023056,-0.6064746896393796,-0.9685543979155432,-0.4408738499636281,0.7876839539903804,-0.08915672396045982,0.8354025494130111,-0.9363288719338067,-0.9292160853101957
0,0,0.9906833869291283,0.54,1.01124957927609,-1.5493984105438743,0.2815035265368241,-1.9867819273413037,-1.1145410696284799,-2.77164961470665,0.6412680097544082,-0.7653656758552486,1.7755180411430627,0.16380155051923737,-1.3882297028675585
1,1,0.9718745825682512,0.58,-0.23177107136359523,0.36972675497060015,-0.9937538902231128,-0.05405201735279789,-1.4028647462615296,-0.6015559134161814,-0.7693832386537146,-0.9306611974295307,0.2471225953874023,-0.07694055427267435,-0.8412902577567691
1,1,0.991329780276428,0.68,-0.28487749975433113,-0.05380243944551488,-1.08128259405894,-0.03872657066572807,-1.1701984882190368,-2.098947002167742,0.8457502482496358,-0.4101852162741469,0.27156753211147633,0.9336516237048823,-0.7946493683460637
1,2,0.9086782513569613,0.92,1.4467319237050869,2.0484411718491806,-1.1694766054623689,1.4117222933282678,1.0606603388942755,1.3309320440500079,0.5835663697255249,1.6808258996186958,-2.0879025523618373,0.31564777154103807,2.232570973119334
1,2,0.9906137581180388,0.63,0.27862317005360376,-1.5493984105438743,0.15009374668131145,0.9452336125162865,0.832556164342812,-0.21221229980092493,-0.8252639081179262,-0.22030027826732773,-0.18183580588393602,0.08540068481412683,0.23023488260063696
1,1,0.9736798715493106,0.33,-1.5718658767102183,-0.6322715403590082,0.02243747402437396,-0.015825214908221925,0.4949619860066461,-1.0366968242193562,-1.4177151664263847,-1.6341917231382508,-0.4472668970600722,0.38929155431515833,-1.6139214765175531
0,1,0.9795579336172912,0.53,0.9385411467812452,-0.5356362700608086,1.6081104475273322,-0.2433303216902993,-0.29884054143244665,-1.0366968242193562,-1.2529007886274393,1.0105366220502583,1.3613055837903238,-0.721445577368951,-0.6646020841261243
1,2,0.9355397608947763,0.83,0.36245059029447824,1.2155448884760984,-0.5673131622660137,2.029454643194527,1.3343853483560315,0.3043815853330995,-0.13390715270123899,0.1840590141788492,-1.0133262702272319,1.695753766180963,1.4886588468265987
1,2,0.9269702502793323,0.79,-0.2734722668452387,1.276859900987283,-1.3220940000701034,1.4425570712807512,0.713941993576051,0.1934422056127287,-0.07401865813810951,1.25506470768494,-0.8959140288048689,0.6705747481356811,1.4444372849942493
1,1,0.9702132827453049,0.67,-0.9942744497909004,1.3928378593998636,0.14191206601255427,0.6758270515078717,-0.015991364988631972,0.46171793284494866,2.547881249438641,1.25506470768494,-0.18183580588393602,0.4615322127414971,0.0465366641634247
1,2,0.9717028904378299,0.83,0.3484116838580388,0.6603461830854658,-0.9353407439877219,1.3291732806253629,-0.2532197065221539,0.46171793284494866,-0.7618791241195546,-0.08915672396045982,0.17328804024303457,0.7379111607058556,0.4264190421701531
0,1,0.9694945342941588,0.64,1.9882663677746906,-0.1246582726459355,0.9162304247635357,-0.655592122684086,-0.23953345604906615,0.14006267852677254,1.3510365880771644,0.3261311980112903,1.5085737655189955,-0.721445577368951,0.11859868171861636
1,2,0.9670907413835743,0.75,-0.04952995609732682,0.7040199776136826,-1.1301403510977892,1.4763865197050887,1.1792745096610364,0.14006267852677254,-1.5968536246302802,1.4226370270770496,-0.4472668970600722,0.8041699820500544,0.8478936426840794
1,0,0.9838703119898475,0.5,0.008440602079419853,0.6603461830854658,0.530873969105728,-1.3624367929114658,-1.1108914028356565,-0.10296719259768859,0.15913296841419028,-0.7084457304095593,0.32021254331366417,-0.24762306969048928,-1.2479011222486576
1,0,0.9978576653269429,0.45,-0.3287832763880025,-0.05380243944551488,-0.17012623034202923,-1.0283195208229734,-1.101767235853598,-0.21221229980092493,0.9571970540236008,-0.9839382663666959,0.5821840892285185,-1.299416121431032,-0.6912935812771225
0,0,0.9828184850888593,0.48,1.5906731084439143,0.36972675497060015,1.0628098972084676,-1.3811484049081455,-0.9247583964016622,1.5255043585683932,1.966410805430248,0.6972492423171838,0.3685364548053309,-0.6202193793009496,-0.7584888928055553
1,1,0.9704352960386019,0.87,-0.12064637401498503,0.20178274799303278,0.707116928777345,0.6731453688039738,0.0752503048319534,-0.8564597646142528,-0.7247627317900793,-0.7653656758552486,0.023290947556070377,0.6705747481356811,0.11598454419100854
1,0,0.9760848194622475,0.65,-0.06802928864696771,0.4726007564556621,-0.9836298144842759,-0.9872911245415268,-1.4211130802256466,-0.21221229980092493,0.46996319612552484,-0.7084457304095593,-0.12997996577716855,-1.0511214629583103,-0.7679407013950339
1,1,0.9294491178073462,0.37,-0.5110863413368013,-0.05380243944551488,0.7110910929477263,-0.4011309705808065,-0.6510333869399062,0.5590145791616342,0.5718297545404452,-1.0877602468596328,0.27156753211147633,0.31564777154103807,-0.4614859838124557
1,1,0.9125119304511559,0.62,1.2123721626744144,0.7465289976776263,1.6672674124107405,0.23442584236313047,0.7321903275401681,0.814104735828437,-0.1412859746539823,1.1726446266795818,-0.0020211041885737713,-1.0511214629583103,0.44546381533944845
1,2,0.9808894408689965,0.83,0.05095638386997562,0.4726007564556621,0.004213238180530664,0.7671532779925284,0.11904630634583438,0.46171793284494866,0.4918309003848262,0.2546397465315043,-0.7522504545885529,0.16380155051923737,0.28932540163667864
1,1,0.9501735194082815,0.69,-0.23177107136359523,-0.19881088837302718,-0.47650331298933235,0.4537116170933446,-0.4858859645646466,0.642101346602259,0.9852130762363405,-1.4666194037461413,-0.39332760320959764,-0.8266459331430416,0.21607532807754026
1,2,0.9846879000302913,0.42,-0.5362665415506752,0.9060614084416432,-1.3220940000701034,0.9614337379358653,-0.3316875425678574,-0.6015559134161814,-0.16919409382526182,0.11438900095332556,-0.7807177102110775,0.08540068481412683,0.697075086644643
0,0,0.9710529054113645,0.48,-0.09162046608219218,-0.7351455418440702,0.35234588933392424,-1.0410273143968065,-1.4576097481538808,0.14006267852677254,0.4672133576704305,0.1840590141788492,0.29593057555972513,-1.7399713895923963,-0.7537799654047467
0,1,0.9367260986904815,0.63,2.072989343275941,1.15177663379782,1.1872388930170092,0.14782958427089707,-0.271468040486271,-0.12455991016771875,1.433613028077806,0.1840590141788492,1.0145384422713293,-0.16115831672467945,0.17031250349881474
1,2,0.9237676315978606,0.66,0.3655450702691967,2.0668690508878362,0.4559950260702475,1.7583190772149544,2.2011812116515928,-0.21221229980092493,-1.1002883968126078,1.5938522229776824,-0.5840985345508589,-0.721445577368951,1.4431882279546735
0,0,0.9488348044354402,0.44,-0.04952995609732682,-1.2295305694606058,0.2614389457974847,-2.5105867179502415,-1.5816984191098769,-0.21221229980092493,-0.5826368072032384,-1.4666194037461413,1.4457732442564717,0.24051578441296462,-1.6697230324760628
1,1,0.9625433374659066,0.48,-1.158336952654183,-1.0908349754514413,-0.38179843366349175,-0.37100474458891575,-0.5999380518403784,-1.0366968242193562,0.9734065574488979,-0.7653656758552486,-0.4202419837686799,-0.721445577368951,-0.26271347655496535
1,1,0.972745035726723,0.68,-0.026854025932166237,-0.2765821067516372,0.7738447615923764,0.39883160134200585,0.6427734911159944,0.46171793284494866,0.6838185908031666,-1.4666194037461413,-0.23408902618478558,-0.5225483235846493,-0.12549912767647875
1,1,0.9719940540397322,0.39,-1.0640539902314154,-0.2765821067516372,-0.7945519994444326,0.11204453049187403,-0.45395138012744174,0.46171793284494866,-0.4930514517738952,-0.9839382663666959,-0.5840985345508589,-0.16115831672467945,0.16974986750468257
1,0,0.9746082860760306,0.31,-1.3931112887606687,-0.19881088837302718,-0.9638625371085484,-1.2770058676343772,-0.6729313876968467,0.46171793284494866,-0.9581951256709409,1.0911352648013546,-0.15585877939291692,-0.3365248808962978,-0.38439347172548205
1,0,0.9983467977180402,0.61,-1.0945524280518173,0.31568789235092903,-0.6798013826177192,-1.1572455552494616,-1.238629740584476,-0.21221229980092493,-1.7930450302866323,-1.4666194037461413,-0.10419825943128454,-0.6202193793009496,-1.220546572099815
1,2,0.9166559918504361,0.73,-0.818513099800349,0.7465289976776263,-1.41519499062379,1.6613258640141992,1.4073786842124998,0.7576533290616105,-0.7003844510656587,2.0378277974540593,-0.9250543695922565,-0.9363288719338067,1.2772445425022252
1,1,0.9756242235449188,0.54,-0.12064637401498503,-0.19881088837302718,-0.20077575753906662,0.031682715779335686,-0.15285386971951004,1.5255043585683932,-0.9581951256709409,-0.22030027826732773,0.5587436478105144,-0.16115831672467945,-0.17063530348679148
1,1,0.9760925283766555,0.66,-0.8822976244027135,-1.7371438371736785,0.9584579221206359,-0.08999412219731506,0.43109281713223635,-1.0366968242193562,0.01010019764926086,-1.5936647219809197,0.17328804024303457,-1.0511214629583103,-0.2562080878006503
1,2,0.958800070289302,0.62,-0.48649471422144874,1.4478086096715843,-0.20940338204963427,1.3711778058967485,-0.1437297027374515,-0.7183312829465134,1.5113521884028243,1.1726446266795818,-0.9250543695922565,-0.6202193793009496,1.2116619173188685
1,1,0.9624390738939789,0.85,-0.48649471422144874,0.6154419803267769,-1.41519499062379,0.4383535390778275,-0.6592451372237589,0.1668486222305065,0.37002629589749564,0.39853336861820726,-0.10419825943128454,1.4169190501175248,-0.019586480742400568
1,2,0.8032295178777232,0.99,0.9204629969778648,2.1385212836968446,-0.4461257302995391,2.070948290284529,1.4165028511945583,0.8972003817539341,0.5705215537127039,1.25506470768494,-1.5404219377806723,2.0622747890755067,2.33050947996605
1,2,0.9497954033323995,0.96,0.7420460281413591,-0.19881088837302718,0.9386190639467884,1.0017455230416354,1.6811036936742558,-0.6015559134161814,-0.16919409382526182,-0.532221579309705,1.0806907526482334,0.9969637879758771,-0.09001542847589707
0,1,0.9848634787993266,0.67,2.632762683492989,0.36972675497060015,1.6209515551859797,-0.12723478941139243,-0.3353372093606808,0.2720959355697481,-0.24551653239841525,0.8520714939294589,1.0366497091324105,-0.5225483235846493,0.0574102957073303
1,1,0.9561089339258506,0.58,-1.1917404703680103,0.5216505890763011,0.3754084125403918,0.23926262250777866,0.5588311548810558,0.5228272497820422,0.9571970540236008,-0.08915672396045982,0.048512111340393176,1.0593777708316694,0.2587202134942097
1,1,0.9464941154376055,0.8,-0.5040013150145811,-0.05380243944551488,-0.8819408679198881,0.012025689853969505,-0.1984747046298027,-0.6015559134161814,-0.20700227521414621,-0.3478009560656722,0.6055522945644501,0.8041699820500544,-0.5584133292058978
1,1,0.9337542097422773,0.86,0.5441548076047714,-0.4445261137292046,0.5387608479007412,0.47805759470831855,1.6263586917819046,2.3509115518204147,-1.7930450302866323,-0.7084457304095593,-0.4744037161904432,0.8694013481225966,0.129014186746462
0,1,0.9823352371109135,0.62,1.3543305106667536,-0.6322715403590082,0.2815035265368241,-0.9392131783284272,-0.22584720557597832,-0.21221229980092493,-0.5826368072032384,-0.08915672396045982,1.3400550128406834,-1.1718122270402245,-1.9389770281854866
0,0,0.8980183105733213,0.47,-0.29640772400553733,-1.9499920469099346,1.1599115945199086,-1.7032742989996894,0.45846531807841195,0.46171793284494866,0.6726403599919031,-0.022218868116328953,0.9478355987533421,-1.299416121431032,-0.3751242431144694
1,2,0.9612370017242468,0.74,-0.4726961894544862,-0.1246582726459355,-1.4785666202426826,0.8821508061529152,-0.5680034674031734,-1.0366968242193562,-0.5826368072032384,0.1840590141788492,-0.8380467015965908,1.1816573971431557,0.669614694235165
1,2,0.9813776717570809,0.68,-1.0945524280518173,0.6603461830854658,-1.035981387580213,0.9101263802776057,1.598986190835729,-1.3246506824234194,-0.5373577429638535,1.0105366220502583,-1.2863173948231492,0.24051578441296462,1.4626822174431975
1,2,0.958604829890853,0.68,-0.40308160301437046,1.1189096181778995,-0.9836298144842759,2.0817332292110597,1.0332878379480999,-0.21221229980092493,-2.0098809554525814,1.1726446266795818,-0.5290187085746301,1.1209307474316548,1.4087271150460086
1,1,0.9829536679181107,0.84,-1.2691891147252805,-0.3583432991370441,0.3570272417596847,0.6309681855439063,1.3161370143919144,-0.6015559134161814,-1.1002883968126078,0.47184625835225513,-0.9543351481974107,1.1209307474316548,0.8016069368521925
1,2,0.9786438791567214,0.7,0.7012994080382067,1.3066550448077032,-1.7892469728977107,1.6205621638029477,1.4767223532761447,3.116822291234787,-0.16919409382526182,1.5077892654638,0.39257996736964157,0.005196793446652558,1.3754161122471256
1,2,0.9704462279426515,0.77,-0.2155426401175803,1.4478086096715843,-1.0040453136150032,1.168631083116221,0.37452298184347343,0.14006267852677254,0.46996319612552484,1.1726446266795818,-0.8093158518378715,1.695753766180963,1.0757405285485233
1,2,0.9521708912090371,0.7,0.4400891583726375,-0.5356362700608086,0.9157553259694509,0.7535012690845696,0.96941866907369,1.0316792316705974,1.966410805430248,0.6972492423171838,-0.39332760320959764,0.16380155051923737,0.7135829854977157
1,2,0.9752025091400524,0.64,-0.8622565911667829,0.31568789235092903,-1.4567181701009897,1.168631083116221,-0.23497137255803688,-1.5298633246327806,-1.2529007886274393,0.9308486984262934,-1.2245376191329913,1.8031077701223006,0.9284833621896119
1,1,0.9634995531497491,0.81,-1.2839043536596135,-1.9499920469099346,0.859589854641958,-0.04638347126107358,0.45846531807841195,0.46171793284494866,-0.16919409382526182,-0.9306611974295307,-0.4202419837686799,-0.16115831672467945,-0.6171171535980284
1,2,0.9716780159082408,0.72,-0.0988022170593135,0.2597525467194058,-0.1409149613359754,0.7919536410748934,0.06156405435886559,-0.6015559134161814,0.01010019764926086,0.7742050085597559,-0.20791217199585207,0.38929155431515833,0.2825162677838032
1,1,0.9874522976644202,0.79,-0.34687178667284174,-0.05380243944551488,0.5726531296036388,-0.14439717524745052,-0.23497137255803688,-0.21221229980092493,0.46996319612552484,-0.8764734093652343,-0.8380467015965908,0.005196793446652558,-0.30484120164796735
1,1,0.9437714080974879,0.68,-0.6039262912815969,-1.0908349754514413,-0.5776903514737896,-0.3454121393379909,-0.9083348958339569,0.46171793284494866,-1.333662028838472,-1.0877602468596328,-0.667616394516038,0.4615322127414971,-0.7636817696331047
1,1,0.979756997076773,0.61,0.3639989679587085,-1.2295305694606058,0.9959166235613196,0.5902922366246043,1.5442411889433778,-0.21221229980092493,-1.0138632431150936,-1.6341917231382508,0.6288489275573552,-1.299416121431032,-0.1494496067904881
1,2,0.9420051583660941,0.9,-0.23998013069101706,0.4726007564556621,0.7797858080005826,1.4158816432043395,0.7869353294325193,2.180578690213193,-0.9581951256709409,0.47184625835225513,-0.12997996577716855,0.16380155051923737,0.7644881769918426
1,1,0.9504893245578023,0.81,-1.2839043536596135,0.31568789235092903,-0.0675812481580165,0.2223146197283729,0.22123697654489,0.14006267852677254,-0.47125020715774846,0.3261311980112903,-0.23408902618478558,0.6705747481356811,0.2450777580673677
0,0,0.8810125755281983,0.51,0.38846803436183136,-0.1246582726459355,1.601826095013305,-1.7388422861755866,0.43109281713223635,1.5255043585683932,-0.8252639081179262,0.11438900095332556,1.8560362286949048,-1.5812432202495768,-0.40659723217751187
0,1,0.9441206766284475,0.77,2.357135169376062,0.7040199776136826,1.564405771143136,-0.7196807709677158,0.35627464787935637,0.9784722736580442,1.0721842651173554,1.1726446266795818,1.318750161751063,-0.16115831672467945,0.5406336355443797
0,1,0.9196366139387185,0.57,-0.7628813349114411,0.2597525467194058,0.9114630435887847,-0.7193859921921983,0.35627464787935637,0.9784722736580442,1.0721842651173554,1.1726446266795818,1.1244930860472542,-0.8266459331430416,0.46310732471302024
0,1,0.9116344254586299,0.58,0.040487417564052094,0.20178274799303278,1.1429863072287803,-0.7196807709677158,0.35627464787935637,0.9784722736580442,1.0721842651173554,1.1726446266795818,0.8580178435243604,-0.4280822277495932,0.8237506710189509
1,1,0.9746766273475416,0.82,0.061322205973770846,-0.2765821067516372,1.1439753732659048,0.2513354053372753,1.2978886804277974,-1.0366968242193562,-1.4177151664263847,-0.22030027826732773,0.2471225953874023,-0.4280822277495932,-0.45906544340293587
1,1,0.9673083601809599,0.7,-0.5808861932172527,-0.9632473970109096,0.16296483944603787,0.09964762575820095,-0.3079647084145052,-0.21221229980092493,0.46996319612552484,-1.0877602468596328,0.07364335924366855,-0.4280822277495932,-0.332855131623527
1,1,0.9608777608662704,0.97,0.07158689649360386,-0.6322715403590082,-0.7179327011251129,0.6869873265450768,0.9511703351095729,-0.6015559134161814,-0.13206656486306734,-0.28450597673006556,0.17328804024303457,0.6021063932779587,-0.628107281341777
0,0,0.9778897358669894,0.58,1.457184467832729,-1.2295305694606058,1.2405166737104334,-1.7763470072386,-1.580786002411671,-1.5298633246327806,0.9397653302930978,-0.28450597673006556,1.1897573766770784,-1.0511214629583103,-1.851214694944752
1,1,0.9537861887733231,0.48,-1.8115224602455173,-0.8451197500952645,-0.12049946220524806,-0.36282183321090766,-0.49044804805567593,-0.6015559134161814,-0.36557245273349426,-1.6738080051684507,-0.33982508634143566,-1.9155422263308557,-0.3343614315866607
1,1,0.965730278035444,0.69,-0.5509305062125767,-0.1246582726459355,0.25322849355111404,0.20531235811980064,0.6318244907375241,-1.0366968242193562,0.06934370386193955,-0.650615065836739,1.2759759414413903,0.24051578441296462,-0.37089146773574566
1,1,0.9775398756691581,0.7,-0.08212042471646079,-0.3583432991370441,-0.8819408679198881,0.5280382016914962,-0.25230728982394807,-0.21221229980092493,-1.4177151664263847,0.11438900095332556,-0.4744037161904432,1.1816573971431557,0.3959411289966534
1,1,0.9566269238380157,0.67,-0.7949747034560993,0.07910732685573385,-0.18665685458980888,0.28259764279899324,-0.0981088678271588,0.46171793284494866,-0.47125020715774846,-1.138305158415405,0.2471225953874023,-0.16115831672467945,-0.3647521286311452
1,1,0.970304547755076,0.85,-0.8328931291122736,-0.9632473970109096,1.237689162314009,-0.01709479930894626,0.7504386615042852,-0.21221229980092493,-0.8252639081179262,-1.2366628241455562,2.824975461972499,-1.299416121431032,-2.1046852481291185
1,1,0.9707465138570616,0.83,0.5042969190050686,0.8282901900630332,0.9181272028929345,0.642215822355078,1.817966198405134,-1.5298633246327806,0.7157750358449538,0.6972492423171838,0.8580178435243604,-0.721445577368951,-0.05492267221056069
1,1,0.9663329099265747,0.76,-1.6848851300375927,-0.19881088837302718,0.5370168217199588,0.5172507159119833,0.22123697654489,0.7576533290616105,-0.47125020715774846,0.9308486984262934,-0.6957015181436527,0.8041699820500544,0.08013694046761403
1,1,0.9823479909118099,0.67,0.7235203487292341,1.0160356166928368,0.8297581877604295,0.39883160134200585,0.339851147311651,1.5255043585683932,3.5860895180177024,0.6972492423171838,-2.9600449070239705,-0.16115831672467945,1.6679426350515063
1,1,0.9719846815585887,0.98,-0.2101883159259121,0.20178274799303278,-1.4785666202426826,0.6377194188138876,0.14276914049918657,-0.21221229980092493,0.5040303489184779,-0.022218868116328953,-1.0729044119739688,0.7379111607058556,0.6868379127686348
1,1,0.9869914871297782,0.78,-0.2820145798029256,-0.7351455418440702,-0.5776903514737896,0.1858140894123751,-0.6911797216609638,-1.0366968242193562,-0.7744011937710191,-0.4101852162741469,1.168060549309621,-0.16115831672467945,-1.5218354731602917
1,1,0.9716813655536563,0.75,-1.7754461568334734,0.014037321363229115,0.5840926077674143,0.06227789151433269,-0.20759887161186125,-0.21221229980092493,0.7279353218755003,-1.6341917231382508,-0.9837584148677018,1.1209307474316548,0.35259917243589634
1,1,0.9570082898219856,0.84,-0.03813090165849441,-0.5356362700608086,-0.6438712065207028,0.7047990478928069,1.3708820162842656,-0.21221229980092493,-0.9581951256709409,0.3261311980112903,0.17328804024303457,0.9336516237048823,0.4761503540651885
1,2,0.9617439125381362,0.83,0.4614600170055651,0.7879337615259974,-0.6497174179194263,0.9911630734627263,-0.5543172169300856,0.14006267852677254,-1.5968536246302802,0.5460698672134329,-1.04304086702699,0.7379111607058556,0.9335684551826988
1,1,0.9826680623432964,0.53,0.10377670919283358,0.014037321363229115,0.8373511713696989,-0.16580349045192955,1.0606603388942755,-0.21221229980092493,-2.0098809554525814,0.2546397465315043,-0.4472668970600722,0.08540068481412683,-0.25008574413348483
1,1,0.9752358604115048,0.88,-0.5733169344338456,-0.2765821067516372,-0.3097392694248624,0.19800893505139924,-0.3846077110637969,-0.21221229980092493,-0.5826368072032384,-0.7653656758552486,-0.39332760320959764,0.7379111607058556,0.036202223259418
1,1,0.9710413458362034,0.55,-0.5110863413368013,-0.6322715403590082,0.5491236436707043,0.20044452999453344,0.24313497730183048,0.46171793284494866,-0.8407705867027692,0.9308486984262934,-0.027425033615307834,-0.5225483235846493,0.15930615800112052
1,1,0.9610677633137795,0.98,-1.4522823580311257,0.014037321363229115,-1.1694766054623689,0.1305846753542164,-0.3700090438925032,-1.0366968242193562,-1.3502008386879485,-1.5522270016964579,-0.20791217199585207,-1.1718122270402245,0.15732283006999848
1,1,0.9717003895631944,0.6,-1.3527951520231074,0.31568789235092903,-0.2036383691998686,0.10584977648958817,1.7723453634948414,-0.21221229980092493,1.0629289981151344,-0.4101852162741469,-0.6957015181436527,1.6412200486264645,0.33263515562167356
0,0,0.9269025521102153,0.56,0.4486896621189558,-0.19881088837302718,0.7648255270130684,-1.4534142113460293,0.3033544793834168,0.46171793284494866,0.4000927424901746,-0.08915672396045982,0.9701319010791131,-0.24762306969048928,-1.4921849505447882
0,1,0.968069731765054,0.41,1.5761072675949725,-0.19881088837302718,1.8147836499540222,-0.441418320583266,0.6865694926298754,0.5349290271246608,1.4387732773148343,0.9308486984262934,1.318750161751063,-1.4352776042108635,-0.15864423158037563
1,2,0.9555573776985182,1.0,0.6459724486190257,0.867650061028734,-0.5274520685047345,0.8266736411278547,1.4329263517622637,0.642101346602259,0.13987326235378333,1.0105366220502583,0.023290947556070377,-0.16115831672467945,0.6265955671820874
1,2,0.919028134948577,0.83,-0.6314600383729401,1.4205601891655988,-0.6497174179194263,1.962191620655069,2.131837542587948,0.46171793284494866,-1.1002883968126078,1.0911352648013546,-2.3476371108484293,-0.24762306969048928,1.271897066221742
1,1,0.9319928433464395,0.55,-0.2290488901996023,-0.19881088837302718,-0.22702579253865451,-0.4577982649692456,0.5862036558272314,3.0254572809218203,0.6029801798740657,-2.426517363742246,0.5587436478105144,0.38929155431515833,-0.5609653809724064
1,1,0.9457365135076846,0.52,-1.3607357363782036,-0.2765821067516372,-0.6859966271599026,-0.2857794946217706,1.4073786842124998,-0.21221229980092493,0.4534088982611253,-1.3313776133671835,-0.5290187085746301,0.16380155051923737,0.03955265823349237
1,2,0.955303929317769,0.73,-1.2988283263379021,1.5009466563399394,-2.25855806552709,1.5749122705525331,2.7303828966109878,0.46171793284494866,-0.8252639081179262,1.5938522229776824,-1.605817813368614,1.359193359651638,1.6684099148450744
1,1,0.9785150689350413,0.66,-0.1631874396128819,0.9435688750345109,0.529991450262809,0.6239835288532781,0.47215156855149976,0.46171793284494866,0.09422191308121877,0.6212041952017432,0.721332661737087,-0.07694055427267435,0.5168847607653031
1,1,0.9585889712798834,0.89,0.02991323375387142,0.31568789235092903,0.09042680297628815,0.6590460067009771,0.015943219448572906,-0.21221229980092493,0.46996319612552484,0.7742050085597559,-0.4202419837686799,-0.4280822277495932,0.4726675441222665
1,1,0.9703873302677294,0.64,0.7708147122914968,-0.5356362700608086,1.0128175583390155,0.47111248008461304,1.9402300359647184,0.7576533290616105,-0.36557245273349426,0.47184625835225513,0.1485070729068463,-0.5225483235846493,0.45042440251988836
1,1,0.9759829352308808,0.71,-0.9341368003578778,0.07910732685573385,-0.22109606258055728,0.2921802503309803,-0.16197803670156857,-1.5298633246327806,1.0629289981151344,-0.22030027826732773,-0.6957015181436527,1.1209307474316548,0.44688275477669925
0,1,0.9339389646328963,0.72,0.8861768014811038,-0.7351455418440702,8.993212093648341e-05,-0.5935628565217481,-0.7787717246887257,-0.6015559134161814,0.7279353218755003,0.39853336861820726,1.168060549309621,-0.721445577368951,-0.628107281341777
1,1,0.9693171043798928,0.58,-1.1196041456856423,0.014037321363229115,-0.615436267963655,-0.7790418016767404,-0.6911797216609638,-0.21221229980092493,1.0629289981151344,-0.7653656758552486,-0.15585877939291692,-0.24762306969048928,-0.36628503241762866
1,1,0.9466084807764732,1.0,0.28197388127082756,0.07910732685573385,0.4469786940009546,0.1858140894123751,0.6774453256478169,0.3043815853330995,-0.1880115467772408,-0.22030027826732773,0.07364335924366855,1.4169190501175248,-0.07237982238965023
1,1,0.9834285127900148,0.47,-1.011290277808189,-1.2295305694606058,-0.027398471651561625,-0.20995367482385915,-0.43570304616332467,-0.4017695734898563,-0.1880115467772408,-2.132810445242489,-1.9454707960797122,-0.3365248808962978,0.28932540163667864
1,2,0.9640301368871199,0.79,-0.5110863413368013,0.014037321363229115,-0.3894851601779615,1.3631980284039893,2.3654162173286464,-0.21221229980092493,0.01010019764926086,-0.022218868116328953,-1.3802601750578085,0.8694013481225966,1.1779069577234862
1,1,0.9779515687699601,0.7,-0.4934624379187097,0.2597525467194058,0.43268849760877875,0.2945732368219252,0.5679553218631144,0.14006267852677254,0.32777191958665275,-0.532221579309705,0.487982113469524,1.0593777708316694,-0.3453195823097727
1,1,0.9854892623283737,0.48,-0.8622565911667829,-0.8451197500952645,-0.06298626833965508,-0.2764031948586151,-1.1802350718993013,-0.21221229980092493,0.7279353218755003,-0.08915672396045982,0.2471225953874023,-1.4352776042108635,-0.1754547157008547
1,2,0.9458117312858646,0.81,0.2181893566684621,0.14162489980376075,-0.08157322888903097,1.8535862951032616,1.4712478530869095,-0.21221229980092493,-1.1002883968126078,0.9308486984262934,-0.2867489047326927,0.6021063932779587,1.2794551016944475
1,2,0.9242916648594641,0.9,0.2886434594403816,1.246497196618431,-0.711413092449812,1.8739632288412469,1.8544628663333682,-0.21221229980092493,-0.2650467781181231,0.7742050085597559,-0.9543351481974107,1.5303444810445048,1.9048068072350666
0,0,0.9898221294347674,0.67,1.329286065626205,-0.8451197500952645,0.8092335437544228,-1.9553843844340637,-1.9776872661312175,-0.21221229980092493,1.031774651380457,-0.7653656758552486,0.29593057555972513,0.6021063932779587,-1.5198012820033904
0,0,0.9743199086015407,0.45,1.1305151004369707,-0.3583432991370441,0.8850687345416571,-1.616504197001345,-0.745924723553315,-3.5942950013726556,1.2120096695134552,0.04562970685493284,0.7899750181373274,-1.299416121431032,-1.0184457483834588
0,0,0.9768076555282059,0.53,-0.07505126643386104,-0.19881088837302718,0.4813319186155361,-1.9855365277001873,-1.5862605026009062,-0.6015559134161814,-0.32073637092635326,-1.138305158415405,1.3400550128406834,-1.1718122270402245,-2.000727317137021
1,1,0.9791876633810013,0.43,-0.9556094320323293,-0.3583432991370441,-0.5322973609690345,-0.1365887169468901,-0.21307337180109637,0.642101346602259,0.866260259076462,-0.7084457304095593,1.1244930860472542,-0.9363288719338067,-0.06265956491839202
0,0,0.9813884750518022,0.43,0.7644893078706495,-0.8451197500952645,1.3307035541897307,-1.334201193551144,-0.6930045550573755,-3.2263047619396326,1.2743390393310905,0.11438900095332556,0.6520746418435466,-1.299416121431032,-0.31264152365900033
1,1,0.973829031910485,0.72,0.9322490673443548,0.9060614084416432,0.15816930657732384,0.6471577949516012,0.6573721582872881,0.3108050744912373,0.8480392368706039,-0.022218868116328953,-0.0785125753389159,-0.3365248808962978,0.9709510307883358
1,1,1.0,0.71,0.30513474429377596,-0.9632473970109096,0.7273823661525275,-0.8210858100512959,-1.694838089687403,-1.0366968242193562,-0.36557245273349426,-1.2844755783199353,0.5116433499323776,-0.721445577368951,-1.7825273483410593
0,0,0.9825420355243917,0.56,1.995182833781981,-0.6322715403590082,1.50498019020917,-1.5943190165628172,-1.6127205868488759,-0.21221229980092493,0.2680319416337615,-0.28450597673006556,1.4036455311845362,-0.9363288719338067,-1.848866288837165
0,0,0.9842086141629435,0.51,0.0654401072498582,-0.8451197500952645,0.3720030242546483,-1.7662526610540494,-1.4667339151359393,0.46171793284494866,0.8457502482496358,-0.9839382663666959,0.6520746418435466,0.7379111607058556,-0.6853807635464306
1,1,0.9983790182344486,0.36,-1.0761474846781052,-1.0908349754514413,-0.04271846626558998,-0.682693960796407,-0.5670910507049676,-0.7695275901421872,0.6676527432060587,-1.6341917231382508,-0.20791217199585207,-0.8266459331430416,-1.3723227003060006
1,1,0.9410880691811988,0.52,-1.9415794763446517,0.31568789235092903,-0.44190458233836283,-0.782031332252898,-0.7532240571389618,0.14006267852677254,0.46996319612552484,-1.0877602468596328,-0.5290187085746301,-0.8266459331430416,-0.1973065671103036
1,1,0.9564810326662262,0.67,-0.32579852989561303,1.0160356166928368,-1.197153025826795,0.43625594782726396,0.289668228910329,0.46171793284494866,-0.2650467781181231,0.6212041952017432,-0.667616394516038,0.9969637879758771,1.0145241066609192
1,1,0.9396870075175092,0.89,-1.6740940361281063,-1.2295305694606058,-0.08157322888903097,-0.43698624395548263,-1.4211130802256466,0.46171793284494866,-0.5826368072032384,-1.3773689292873004,-0.8669121242892855,1.3007592989954977,-0.5669335512166612
1,1,0.8663466707589063,0.65,-0.08448740531647557,1.1189096181778995,-0.6380793792718531,-0.8422639248880337,1.1017190903135388,0.814104735828437,1.4387732773148343,-0.08915672396045982,-0.33982508634143566,-0.24762306969048928,0.4285733189800186
1,1,0.9954107531044738,0.49,-1.0227889980864329,-0.6322715403590082,0.1010700867558625,-0.3819374240916576,-0.7368005565712564,-1.177875569549893,-1.205919747151355,-1.4666194037461413,0.39257996736964157,-1.1718122270402245,0.6403824601719322
1,1,0.9827961869960357,0.78,-0.25938741884225847,-0.8451197500952645,-0.5131384050285449,0.10113681793381969,0.5195972368582041,-0.21221229980092493,-0.2650467781181231,1.25506470768494,0.9254765779058884,0.8041699820500544,0.3898223699288777
1,2,0.9741327852442406,0.64,-1.4350340630045726,0.4726007564556621,-2.551190286692281,1.361201541388227,0.9967911700198656,-2.420044095621993,-0.8252639081179262,-0.7084457304095593,-1.9454707960797122,0.38929155431515833,1.3774576019241291
1,1,0.9652296516814138,0.66,-0.3198543195478644,-0.2765821067516372,0.50567793820985,0.12935071522728553,1.1336536747507437,-1.0366968242193562,-0.8252639081179262,0.8520714939294589,0.17328804024303457,0.6021063932779587,-0.16617192248226004
1,2,0.947774455351117,0.85,0.053037734564477156,0.4726007564556621,-1.1694766054623689,1.8554412145495014,1.2522678455175047,0.7576533290616105,-0.7618791241195546,1.1726446266795818,-0.6118165130825998,1.1816573971431557,1.2978963996406723
1,1,0.972323782832905,0.4,-2.122386986765932,-2.1957072722661115,0.4030848329048182,0.3658746593342383,-0.07986053386304173,-2.098947002167742,-1.7930450302866323,-1.6738080051684507,0.17328804024303457,-1.299416121431032,0.23023488260063696
1,2,0.9372063133009777,0.78,-0.033605636906177676,0.7040199776136826,-0.11799395806179945,0.7715503672105962,1.8216158651979575,0.642101346602259,0.5822655948253979,1.0105366220502583,0.5587436478105144,-0.3365248808962978,0.33771323699313494
0,1,0.9089285293215551,0.63,-0.5472453100353109,0.9435688750345109,-0.22405386833059593,-0.9033633071882251,0.339851147311651,0.8972003817539341,0.09422191308121877,0.6972492423171838,-0.5840985345508589,0.16380155051923737,0.5143988045514585
1,1,0.9722779910548301,0.72,-0.15555411157389407,0.5692360267538618,0.20602711893103975,-0.36064211548644537,-0.45577621352385345,1.0316792316705974,0.7711280740851099,0.5460698672134329,0.5821840892285185,-1.4352776042108635,-0.25656887892323227
1,1,0.990190027474402,0.88,0.1764977419186122,0.4219935287102227,-0.711413092449812,0.503449216946238,0.08437447181401193,-0.8127385888496008,-0.16919409382526182,-0.022218868116328953,0.32021254331366417,1.0593777708316694,0.054698474299909705
1,0,0.9824732510540873,0.45,-0.7143471672499337,-1.5493984105438743,-1.33963366526836,-1.4997677116361134,-0.6455588867506711,0.46171793284494866,-1.4177151664263847,-1.5936647219809197,0.048512111340393176,-1.299416121431032,0.002949507766246561
1,1,0.9488410631571869,0.67,-0.8425901787049548,-1.2295305694606058,0.6210283524585947,-0.36827553124868617,1.224895344571329,-0.21221229980092493,0.7876839539903804,-0.3478009560656722,0.5587436478105144,-0.721445577368951,-0.7114406647750878
1,2,0.9828005004262201,0.59,-0.9502000502811654,-0.4445261137292046,0.15977192506689622,0.8950788626062635,0.7686869954684022,-0.6015559134161814,1.2120096695134552,-1.5522270016964579,-0.7807177102110775,-0.3365248808962978,0.4302467987612516
1,1,0.9676219569226748,0.73,0.019231695988905485,0.7465289976776263,-0.8095555432565085,0.543609055570065,0.18930239210768512,0.46171793284494866,0.2755947610209203,0.7742050085597559,-0.33982508634143566,0.24051578441296462,0.5030474721763923
1,2,0.9535620508672535,0.79,-0.24548863768745618,1.246497196618431,-2.0061086208683534,1.5092617840077875,1.206647010607212,-0.6015559134161814,-0.9581951256709409,1.0911352648013546,1.2113968805541653,0.8694013481225966,0.9891016204310992
0,0,0.8874740484762424,0.64,0.4109021984526636,0.014037321363229115,0.5816589228208253,-2.2901980550977967,-0.005954781308367583,1.089337220636259,-0.12288818506900186,0.2546397465315043,1.318750161751063,-1.4352776042108635,-1.195873920553205
1,1,0.9438453812937229,0.97,0.20747154819995212,0.14162489980376075,0.7004364254216469,0.5103542191554945,1.655556026124492,-0.3630739176207867,-0.8252639081179262,0.3261311980112903,-0.20791217199585207,0.6705747481356811,-0.3137586063000956
0,0,0.9594494544244107,0.74,1.4135958924800063,-0.5356362700608086,0.8775339478761539,-0.9810154384160874,-0.002305114515544168,1.0316792316705974,0.5507983061438235,1.4226370270770496,0.8580178435243604,-0.4280822277495932,0.1934930024118225
0,0,0.9110123078158571,0.8,1.3633461822255413,1.5009466563399394,0.5001435289741093,-0.9810154384160874,0.2194121431484783,1.0316792316705974,-0.36557245273349426,0.6212041952017432,0.9923660097295111,-0.5225483235846493,-0.11647675368046811
0,0,0.9538642353850423,0.56,1.956056022652195,0.7040199776136826,1.4570629423211205,-0.9810154384160874,0.34076356400985686,1.0737011358806903,-0.45612530987671546,1.1726446266795818,-0.052921848539954144,-0.5225483235846493,0.6892531401399671
0,0,0.9379774838257078,0.57,1.3434087264356342,0.2597525467194058,0.9354037719793374,-0.9810154384160874,0.3234276467439456,0.46171793284494866,0.01010019764926086,1.25506470768494,-0.8959140288048689,-1.4352776042108635,1.1231343861296945
0,0,0.9195020124913224,0.49,0.6647399015540083,-1.7371438371736785,0.9409055774950469,-0.9810154384160874,0.09349863879607047,-0.21221229980092493,-1.0856303497803939,0.3261311980112903,1.2113968805541653,-0.6202193793009496,-0.6668498644910658
0,0,0.9373671007550435,0.63,1.1715215823117013,-0.4445261137292046,0.6609249340901248,-0.9810154384160874,0.4128444831681193,-0.21221229980092493,0.46996319612552484,-0.3478009560656722,1.8359754627431004,0.005196793446652558,-1.3907855974871044
0,0,0.9517473624975099,0.42,0.7967687277268516,-1.5493984105438743,1.2071982116451268,-0.9810154384160874,-0.2897163744503881,0.14006267852677254,0.060983828062641125,-0.22030027826732773,1.1463059404704627,-0.8266459331430416,-0.30780878650513915
0,0,0.9100648401435889,0.53,0.8079887533629576,-1.9499920469099346,0.08863509831700042,-0.9810154384160874,0.2942303124013583,0.642101346602259,0.1334131833497136,0.5460698672134329,0.9478355987533421,-0.3365248808962978,-1.2170043260447034
0,0,0.9345924397433385,0.66,0.5545334114473005,-0.8451197500952645,-0.004060862848668951,-0.9810154384160874,0.05700197086783632,0.5829444884185702,0.44369050279536215,0.5460698672134329,0.6055522945644501,-1.0511214629583103,-0.7542503507812421
0,0,0.9300543599134856,0.76,0.911306085975216,1.3928378593998636,-0.4461257302995391,-0.9810154384160874,-0.1711022036836271,0.46171793284494866,-1.2529007886274393,0.3261311980112903,1.2329795129039862,0.31564777154103807,-1.1286227303333187
0,0,0.9065377213444232,0.53,0.3277967189610113,-0.2765821067516372,0.991303071745181,-0.9810154384160874,-0.10723303480921735,0.14006267852677254,0.46996319612552484,0.7742050085597559,0.3685364548053309,-1.299416121431032,-0.6776757019246524
0,0,0.9492761429223964,0.65,0.6037128550768738,-1.3814544035663068,0.2854400008052383,-0.9810154384160874,-0.165627703494392,0.46171793284494866,0.2981182306334752,0.39853336861820726,0.9701319010791131,-0.4280822277495932,-0.8845214929821255
0,1,0.9603787437001061,0.59,0.3181441518726363,-0.5356362700608086,-0.15402317053544134,-0.8910722783705998,0.2759819784372412,-0.21221229980092493,-0.36557245273349426,-0.22030027826732773,0.32021254331366417,-0.3365248808962978,-0.7570750298017455
0,0,0.9325848787397245,0.46,-0.21823005520056107,-2.1957072722661115,0.9755289813885818,-0.9810154384160874,0.3672236482578266,2.7866676179231713,0.2710603981776287,0.39853336861820726,0.27156753211147633,-1.299416121431032,-0.07856444039279242
1,2,0.9573219022679098,0.9,-0.033605636906177676,0.2597525467194058,-0.36670395040198217,1.3572067121725453,0.3216028133475339,-1.0366968242193562,-0.8252639081179262,0.6212041952017432,0.023290947556070377,1.1209307474316548,0.5583132402099085
1,2,0.9773873144053953,0.61,-1.2474951001077814,0.7040199776136826,-1.2261171755839462,1.022855448146763,1.4986203540330851,-0.21221229980092493,-1.4177151664263847,1.25506470768494,-2.1974972610957995,1.749710358626035,1.721406942297762
1,2,0.9603803662980118,0.67,1.709547061437155,0.31568789235092903,-0.5829445340423873,1.158331354830239,2.292422881472178,0.671329127146634,-0.4496770132141715,-0.08915672396045982,-0.667616394516038,-0.721445577368951,1.1981558035597646
1,1,0.9391272667947208,0.53,-1.5525603362920426,-0.2765821067516372,-1.2722580543941677,-0.5918440800576709,-0.8645388943200759,-1.0366968242193562,0.46996319612552484,-1.138305158415405,-1.04304086702699,-0.5225483235846493,-0.41405839696059266
1,0,0.8714515986125502,0.46,-0.3777280284187987,0.4219935287102227,-0.5724801374754893,-1.2682307265351804,-1.2714767417198867,2.3509115518204147,0.32777191958665275,-1.0877602468596328,0.41654554248711434,-1.4352776042108635,-0.9896778508167118
1,1,0.9355434644181635,0.98,-0.0988022170593135,0.9060614084416432,-0.8095555432565085,0.2259508846037598,-0.32621304237862225,-0.6015559134161814,0.09422191308121877,-0.8764734093652343,0.09868564613984761,0.8041699820500544,-0.038596557876053136
1,1,0.955686920431414,0.36,-1.6528383145529595,-1.7371438371736785,-0.1461251753342756,-0.8210858100512959,-0.6546830537327296,-1.0366968242193562,2.004628498100844,-0.9306611974295307,-1.3802601750578085,-0.4280822277495932,-0.8290384592927258
0,0,0.9666869648899781,0.69,2.7216644847870404,1.183979623670404,1.3884679436332206,-1.4534142113460293,-0.8627140609236642,0.46171793284494866,1.2062488318688709,1.0911352648013546,2.0541998297499138,0.6021063932779587,0.016884257664909728
0,0,0.9848661320162186,0.43,-0.7143471672499337,-0.05380243944551488,-0.4991464242975304,-1.5503659605797346,-1.1273149034033618,0.46171793284494866,-1.2529007886274393,2.3151417716654574,0.8580178435243604,-0.4280822277495932,-0.7669934757758913
1,1,0.9657262196318553,0.64,0.958074782560292,0.5692360267538618,0.48986754727910914,-0.41213408115074224,-0.9466563971586027,0.7576533290616105,1.4387732773148343,0.47184625835225513,0.2471225953874023,0.16380155051923737,0.21634879613651892
1,1,0.9740980549709196,0.5,-0.8425901787049548,0.2597525467194058,0.22216179408987966,-0.5918440800576709,-0.8645388943200759,-0.2868749210868022,0.7279353218755003,-1.1879393508440461,-0.0020211041885737713,0.24051578441296462,-0.5072551332475952
0,1,0.9651627045566216,0.1,1.7770995111950767,-0.6322715403590082,1.4524635349887813,-0.5889809116500792,-0.9101597292303686,0.46171793284494866,0.7279353218755003,-0.5918736821367875,1.0366497091324105,0.005196793446652558,-2.821939449858956
1,0,0.9739092862494293,0.43,-0.5695526283326386,-0.2765821067516372,0.1661414633748368,-1.0283195208229734,-0.7970200586528428,0.46171793284494866,0.8457502482496358,0.39853336861820726,0.17328804024303457,-1.0511214629583103,-0.1565968127054672
0,1,0.9742129261137845,0.84,0.25314680588761085,-0.9632473970109096,-0.01668190864640513,-0.8210858100512959,-1.7504955082779599,-1.0366968242193562,-0.8800551751557467,1.5938522229776824,0.7899750181373274,-0.3365248808962978,-0.22332326901676405
1,1,0.9725901098236739,0.6,-0.6720875737077819,-0.6322715403590082,-0.4720718569905415,0.2758796323507657,0.5478821545025856,1.0316792316705974,0.2528225914658929,-0.4101852162741469,-0.5840985345508589,-0.4280822277495932,0.22398725103865078
1,1,0.9791338244295759,0.39,-0.6679534920314926,-2.1957072722661115,0.09754250259174653,-0.6640254210420435,-0.508696382019793,0.46171793284494866,0.01010019764926086,-0.9306611974295307,1.2113968805541653,1.3007592989954977,-1.511682993279016
1,1,0.993928544280962,0.7,-0.710044002016357,1.4205601891655988,-1.09314232291339,0.2101757141906729,0.08437447181401193,-0.21221229980092493,-0.36557245273349426,0.47184625835225513,-0.4472668970600722,1.359193359651638,0.48286141606204525
0,0,0.9085763513221008,0.81,0.7102441797283386,1.3646248435340769,0.6841045529191868,-1.362091167678531,0.9612069187898373,1.0316792316705974,-0.36557245273349426,0.47184625835225513,0.1485070729068463,-1.5812432202495768,0.02703072135975596
1,1,0.9810318647832097,0.65,-0.5808861932172527,-0.7351455418440702,-0.6922541365093224,-0.15326169657586927,-0.006867198006573437,-0.45663191872585185,0.211188115519146,-1.2366628241455562,-0.26036753920755834,0.24051578441296462,-0.27397283948744383
1,2,0.9338565322749229,0.91,-0.004656526791866754,1.0853506147965435,-0.1280770438444384,1.8721132453258231,1.2157711775892706,-0.21221229980092493,-1.1599851415357751,1.25506470768494,-0.9250543695922565,1.749710358626035,1.6363732329944485
1,1,0.9516807623223931,0.96,-1.642369348247037,-0.2765821067516372,0.46976594628431606,0.33319246900647503,1.8909595342616023,-0.21221229980092493,-0.5826368072032384,1.0911352648013546,-1.573021385129454,1.1209307474316548,0.8105060828526449
1,1,0.9664473211847076,0.78,-1.7405659758134524,-0.5356362700608086,0.3662856568115694,0.2368447815704333,0.7759863290540491,0.14006267852677254,-1.7930450302866323,-0.9839382663666959,-0.9250543695922565,0.38929155431515833,0.3293256430701528
1,1,0.9630540230144934,0.93,0.23581326008655376,1.5523702701638797,-0.711413092449812,0.5264328683796077,0.7230661605581096,-0.21221229980092493,-1.8346266512396765,1.5077892654638,-1.1634116528914549,-0.07694055427267435,1.2619239000792617
1,2,0.9642795597602779,0.74,0.9824225038928742,1.1189096181778995,1.01444213053127,1.9145392233409517,1.4529995191227925,-1.5298633246327806,-0.8252639081179262,1.8575054102821151,-1.3174591153437192,0.005196793446652558,1.5238753779613607
1,1,0.9193646278986086,0.52,-1.2546768510849027,-0.9632473970109096,-1.2411207193960223,-0.6350124925517991,-0.8736630613021344,-0.6015559134161814,-0.8252639081179262,-0.28450597673006556,1.8158690520956047,0.5324470164903913,-1.6245467874234858
1,1,0.9720867632757032,0.65,0.25314680588761085,-0.19881088837302718,-0.45465486284763956,-0.9234135872169579,-0.8782251447931637,0.46171793284494866,0.36424932143171396,-0.28450597673006556,-0.4202419837686799,-1.4352776042108635,0.6265955671820874
1,1,0.9626617080665575,0.64,-1.04617045882821,-1.3814544035663068,-0.8327613450137035,-0.6061873559262974,-1.2842505754947686,-0.21221229980092493,-1.4177151664263847,-0.8764734093652343,0.07364335924366855,-1.1718122270402245,-0.5652264441154562
1,2,0.9125701096634237,0.88,0.09980643114955308,1.183979623670404,-0.5520646383447619,1.8576664640291836,1.6847533604670795,-0.6015559134161814,-0.31670828656815575,1.5077892654638,-0.6118165130825998,1.8031077701223006,1.3518736085344438
0,1,0.9405693388586118,0.56,1.2075252590510426,-0.7351455418440702,0.9887721050914764,-0.8806531319302924,-1.7915542596972234,-0.08149965090514226,0.9463195048848242,-0.08915672396045982,1.2545057197815617,-0.6202193793009496,-1.0265088070595287
0,0,0.9526621946048568,0.33,0.7035427403016508,0.07910732685573385,1.7110380032129624,-1.7067000127895446,0.7458765780132559,1.2868173395019873,1.2594009674266546,1.6808258996186958,-2.124160450218005,-0.4280822277495932,1.4620114544278688
0,0,0.995046225434229,0.39,1.5672699763508637,0.14162489980376075,1.0128175583390155,-1.4897334307057366,-0.9649047311227198,-0.21221229980092493,1.0629289981151344,-0.08915672396045982,0.2471225953874023,-1.0511214629583103,-0.5840894738407607
0,1,0.9112033252739871,0.78,1.9987876797824056,2.223781914992569,1.198205032574697,0.38896534006152506,1.7230748617917253,0.6771471025321201,0.9926912764788441,1.4226370270770496,0.487982113469524,-1.0511214629583103,1.154183774089958
0,1,0.9610535290030486,0.66,1.7249379931806836,2.0484411718491806,0.6573363538995637,0.47666926516851654,0.8617534986853993,1.4789818802254577,0.866260259076462,1.6808258996186958,0.5587436478105144,-0.9363288719338067,1.4143264775554978
0,0,0.9029732512167781,0.46,1.4555409541952962,0.14162489980376075,1.9726505143804691,-0.9597494577177537,-0.11270753499845247,1.0316792316705974,0.6029801798740657,0.39853336861820726,1.8760516594085666,-1.1718122270402245,-0.6179940503017156
1,1,0.9628651054333432,0.57,-0.8975829649131482,-0.05380243944551488,0.4419126209778172,-0.1417929862687083,-0.745924723553315,-1.0366968242193562,-0.9581951256709409,-2.2079447732307993,-4.021910716861582,-1.0511214629583103,-0.24505950926192052
0,1,0.9761566097037793,0.54,1.6948014933186162,0.20178274799303278,1.182921571531842,-0.29866826690716713,0.3097413962708578,0.18016928613035046,0.9033402509115687,1.0911352648013546,-0.8093158518378715,-1.5812432202495768,1.149875565178596
0,1,0.9669609018923355,0.71,1.5326888935907388,0.014037321363229115,1.0635600381900971,0.3908459976100286,0.651897658098053,1.0316792316705974,1.3510365880771644,1.0911352648013546,0.5352302962486778,-0.4280822277495932,0.4733647394092704
1,1,0.9775321367289649,0.63,-0.7014901139814331,1.0160356166928368,-0.8734697584778762,0.17603787396772036,1.7084761946204317,-0.21221229980092493,0.01010019764926086,0.7742050085597559,-0.10419825943128454,0.38929155431515833,0.09521637417286444
1,2,0.9504754448760547,0.67,0.19845587664116435,0.36972675497060015,0.38104299343421016,1.1669842662192502,0.3079165628744461,-1.0366968242193562,0.2528225914658929,0.6972492423171838,0.5116433499323776,0.005196793446652558,0.8023506712550686
1,1,0.9950151652047186,0.45,-1.3139670397931267,-1.0908349754514413,-0.5131384050285449,0.0946805616856861,-0.6729313876968467,-1.0366968242193562,0.46996319612552484,0.7742050085597559,0.6520746418435466,-0.24762306969048928,0.10577913413197007
1,1,0.9668199272622353,0.77,0.38695527718827466,0.6603461830854658,0.18946317631908077,0.4245881300378049,-0.015991364988631972,1.0316792316705974,-0.4496770132141715,-0.8764734093652343,0.487982113469524,0.38929155431515833,-0.21061882289328976
0,1,0.9636815971945553,0.66,2.124453221959771,1.335903457776106,1.488530632213381,-0.8150541974317784,-0.16197803670156857,0.642101346602259,0.5107767682015922,1.0105366220502583,-0.10419825943128454,-0.07694055427267435,1.2663953856985328
0,0,0.9619888204389472,0.63,2.032589839072195,0.9802140241687342,1.3772452724592086,-1.2577943303244217,-0.6911797216609638,-0.031887456222687516,0.7935647065799688,1.0105366220502583,0.22259493397184507,0.08540068481412683,-0.1754547157008547
1,2,0.9731395360850417,0.66,0.9571947135562776,-1.0908349754514413,0.9642004390348904,0.9635621050541224,1.4986203540330851,-0.21221229980092493,0.38583004017039674,-0.821374902173807,-0.8380467015965908,-1.1718122270402245,0.5738316452672503
0,0,0.9610683250164553,0.54,1.2825173690411282,0.7040199776136826,1.295818849887806,-1.69909201758162,-1.2039579060526535,0.9623599614904585,0.1447050768304613,0.7742050085597559,-0.5290187085746301,-1.5812432202495768,0.9884517535392756
0,1,0.9741485894619034,0.81,2.6020535367282185,1.276859900987283,0.6902793169778422,-0.675684003065446,0.1975141423915378,-0.21221229980092493,1.0442929206839537,0.9308486984262934,0.8580178435243604,-0.721445577368951,0.0438072397019874
0,1,0.9578182927810753,0.34,1.8190633042879716,-0.05380243944551488,1.4141779639888452,-0.7730689536170914,0.6664963252693467,0.642101346602259,2.049829586507898,0.5460698672134329,-1.04304086702699,-1.5812432202495768,1.149012200669893
1,1,0.979067019924514,0.69,-0.22362556668123446,0.20178274799303278,1.0582899721716377,0.2633809541740866,-0.2532197065221539,-0.031887456222687516,0.3351191968115269,-1.138305158415405,-0.723912304162236,0.16380155051923737,-0.6210663508967843
0,1,0.9521401012526151,0.57,2.1411585006637317,0.14162489980376075,1.0684140479104747,-0.8440841088755029,-0.8882617284734281,1.0316792316705974,1.6670321109299495,1.0105366220502583,-0.027425033615307834,-0.3365248808962978,0.34731686916074944
0,0,0.9473238112706489,0.31,1.4021222516967269,-0.5356362700608086,1.8835267221150207,-0.9841520819969884,-0.6911797216609638,0.0031472475851844492,1.4728488734045992,0.6972492423171838,-0.723912304162236,0.24051578441296462,0.48008799187213774
0,1,0.9425224693732838,0.59,-0.09640284901157484,-0.19881088837302718,0.0850361464497181,-0.9002871683668981,-0.35358554332479786,-0.6015559134161814,0.6626530352161796,-0.47165875735549145,0.5116433499323776,0.38929155431515833,-1.130886790373289
0,0,0.9708097470196707,0.64,-1.0761474846781052,-0.4445261137292046,0.0342972028788241,-0.9653680134859239,-0.6181863858044955,0.46171793284494866,-2.252222626593486,-1.5522270016964579,0.32021254331366417,-1.9155422263308557,-1.0082776894063135
0,0,0.9690094904298796,0.35,-0.749421162847817,-1.2295305694606058,0.32102779749333177,-0.9653680134859239,-0.6638072207147881,-1.0366968242193562,0.697399103145228,-0.47165875735549145,0.34441423944080574,-0.9363288719338067,-0.7703107599747995
0,1,0.9404228591542928,0.55,0.7549293209491336,0.2597525467194058,1.3408709307731572,-0.3835795171291817,0.04605297048936608,-0.25682899097509576,1.7328703682387308,0.5460698672134329,1.0806907526482334,-1.5812432202495768,-0.26851593670032037
0,1,0.9659186871660275,0.63,2.0604146360204463,-0.05380243944551488,1.60951572773643,-0.34839987977255604,0.7194164937652862,0.14006267852677254,0.5375438997534018,1.0911352648013546,1.0145384422713293,-0.8266459331430416,0.17844909441458534
0,1,0.984231324142324,0.68,2.179044052195821,-0.9632473970109096,1.1605534677101976,-0.39125020830036233,-0.42019196229382516,-0.21221229980092493,0.32777191958665275,1.0105366220502583,0.6983158796054187,-0.5225483235846493,0.49596689976820485
0,1,0.9687509199728953,0.56,0.7771023152650245,-1.2295305694606058,1.0522119061899387,-0.8669026256930707,0.12999530672430462,-0.21221229980092493,0.09422191308121877,-0.022218868116328953,0.29593057555972513,-0.07694055427267435,-0.3260921992406811
1,2,0.9685111387756624,0.59,1.292807157003395,0.9435688750345109,0.6659144497175415,1.4307148010125412,1.9785515372893643,0.642101346602259,1.0474106514905213,0.5460698672134329,-2.4245538705939795,-0.3365248808962978,1.5838257585973652
0,1,0.9648319926019484,0.53,1.3010941381240055,-0.6322715403590082,0.8890503112722902,-0.3199568881838142,-0.8061442256349013,1.301580710170139,1.6116995360221622,0.3261311980112903,1.2113968805541653,-0.9363288719338067,-0.7774380815377481
0,1,0.9298219473471149,0.51,0.21284409995731024,1.3928378593998636,-0.4131316833704394,-0.05328463718048834,-1.0743947349074223,0.46171793284494866,0.46996319612552484,-0.022218868116328953,0.19798370228505288,-0.4280822277495932,-0.62943033520685
0,1,0.9412610212853049,0.45,2.0953115854015656,0.20178274799303278,2.6675370486618313,-0.2873886989269303,-0.5597917171193207,1.1049075613234687,1.8360107861974135,1.0105366220502583,-0.4202419837686799,1.1209307474316548,1.4360092308666335
0,1,0.9603014271472674,0.58,1.904739831945313,0.5216505890763011,1.0340065680487334,-0.2585050505382586,-0.7961076419546369,0.46171793284494866,1.045332688054494,0.9308486984262934,-0.2867489047326927,-0.5225483235846493,0.46567811010785887
0,1,0.9963475404916574,0.49,0.5660882583923815,1.183979623670404,0.38884670987392395,-0.2585050505382586,-0.6911797216609638,1.0316792316705974,0.37866152917919127,1.0105366220502583,0.1485070729068463,0.16380155051923737,0.35786382679798584
0,1,0.9527675021625632,0.48,-0.0024623186285936834,-0.3583432991370441,1.691386118265378,-0.7682966207737139,-0.359060043514033,-0.21221229980092493,2.6352999022379318,-0.22030027826732773,-0.10419825943128454,-0.5225483235846493,-0.7584888928055553
1,0,0.9491885811275649,0.52,-0.607815842598469,-0.4445261137292046,0.0021549984898021793,-1.108408849788356,-0.6181863858044955,0.14006267852677254,0.01010019764926086,-0.9306611974295307,0.6752300811705723,-1.9155422263308557,-1.3079850214908373
0,0,0.9424699541200673,0.51,0.18018940336558484,-0.3583432991370441,0.06112177341897805,-1.7067000127895446,-1.2112572396383003,-2.098947002167742,-1.4177151664263847,-0.15518386067745923,1.1897573766770784,-1.299416121431032,-1.0362263026216454
0,0,0.9948969089896887,0.53,2.0959083650165184,0.5692360267538618,1.4663573808091288,-1.2922415465031278,-1.106329319344627,-0.21221229980092493,1.1338429081749652,0.8520714939294589,0.32021254331366417,1.749710358626035,-0.587107722320236
0,1,0.9734525816549479,0.75,1.7463634666814898,0.07910732685573385,0.9293881025783599,0.27779992209937016,-0.45212654673103003,0.7576533290616105,1.481280522662098,1.0911352648013546,0.8805682439944778,-0.4280822277495932,-0.18444017811520677
0,0,0.9217900403187613,0.37,-0.2075213374815012,0.5216505890763011,0.794972339893164,-1.1664290913616968,-0.8554147273380174,0.46171793284494866,-0.9581951256709409,0.1840590141788492,-0.20791217199585207,-0.9363288719338067,-0.5035356301901335
0,1,0.9070359295284118,0.83,2.0360689785005746,1.8514012944922966,0.8075393469554877,-0.43698624395548263,-0.1437297027374515,0.14006267852677254,0.01010019764926086,1.0105366220502583,-1.3802601750578085,0.16380155051923737,1.409545313085917
0,1,0.9691399410496537,0.62,1.3470619329981897,-0.2765821067516372,1.48263080964096,-0.7677004497934691,-1.1391763204800378,0.46171793284494866,0.9571970540236008,0.3261311980112903,0.721332661737087,-1.4352776042108635,-0.858074308458032
0,1,0.9733915842534974,0.53,1.1970632328438193,-0.6322715403590082,1.1299833925348903,-0.3609145252411047,-0.7778593079905198,0.46171793284494866,0.17504646199648796,0.04562970685493284,0.41654554248711434,-0.3365248808962978,-0.3525349869286699
0,1,0.947907787005449,0.55,1.1606934685597405,-0.6322715403590082,0.832480609848011,-0.6762677408291592,-0.6181863858044955,-0.21221229980092493,0.46996319612552484,0.5460698672134329,1.2329795129039862,-0.5225483235846493,-0.9712454310857642
0,0,0.9734155512471045,0.49,1.2985512427883743,-0.19881088837302718,0.9729329375742588,-1.279033770805821,-1.5096174999516145,-0.6015559134161814,0.01010019764926086,1.76871029538684,0.5116433499323776,-0.4280822277495932,0.28749502386895015
0,1,0.9517077210562035,0.47,0.16160018423468783,1.0160356166928368,1.5432576136265368,-0.9547615970637194,0.0022569689754851005,0.46171793284494866,1.6069547980342007,0.5460698672134329,0.9478355987533421,-0.6202193793009496,-0.919993215549632
0,0,0.9429706227278494,0.35,1.525018465209127,0.014037321363229115,1.7662828809928603,-1.8371751090438206,-0.7103404723232867,-0.6015559134161814,0.7279353218755003,0.8520714939294589,1.9556660983363505,-1.5812432202495768,-1.1622676022275806
0,1,0.9626280301149468,0.4,1.3268104822888827,-0.9632473970109096,0.9996660845112295,-0.626056786280169,-0.20942370500827295,0.0722376951669258,1.3384501063346903,0.04562970685493284,1.7349806484115657,-1.299416121431032,-0.8178329920067707
0,0,0.9755059478507662,0.77,1.4192861304330322,-0.3583432991370441,0.9785440814185387,-1.0932295099419045,-1.3024989094588857,0.4307809060350966,1.4215219970054278,0.2546397465315043,0.6055522945644501,0.38929155431515833,-0.8062073045862228
1,2,0.9181206278496548,0.97,1.4489411054783397,1.9331624868777029,-1.41519499062379,1.4994946263319502,0.038753636903719246,0.46171793284494866,0.2528225914658929,1.6808258996186958,-0.18183580588393602,1.6412200486264645,1.1566187405248713
0,0,0.9789875535353416,0.44,1.6154524994863673,0.5216505890763011,1.338465143624399,-1.4382114486982156,-0.7586985573281969,1.360052565576643,2.01634658948797,0.8520714939294589,-0.6118165130825998,-0.9363288719338067,0.48862328159356005
0,1,0.9725864424623276,0.54,1.7534094183092084,0.14162489980376075,1.0425945240594348,0.13724302501129051,-0.6364347197686125,0.2720959355697481,0.5107767682015922,0.3261311980112903,1.3613055837903238,-0.721445577368951,-0.12818141680940953
1,2,0.9085088587949812,0.93,1.7189793550608827,2.0484411718491806,0.35469096532448574,1.532644177650343,2.6573895607545195,-0.21221229980092493,0.5295501744908477,1.5938522229776824,-2.271971280281783,1.1816573971431557,2.1988119279150693
0,1,0.9672715370534588,0.66,1.7354952002918518,0.14162489980376075,1.6543406448385054,0.18239447659646257,0.18474030861665586,-1.0366968242193562,-0.5826368072032384,1.4226370270770496,-1.7390473335655625,-1.0511214629583103,1.1354105877492544
1,1,0.97742957475399,0.72,-0.14295369231231292,0.2597525467194058,-0.3375703580150092,0.48037070812760335,-0.23497137255803688,0.46171793284494866,-0.16919409382526182,1.338395507817429,-0.15585877939291692,-0.3365248808962978,0.18932801419194184
1,2,0.9568627025147831,0.63,0.37783277119643566,1.246497196618431,-0.4809665359688912,1.3771561759079016,0.12999530672430462,0.642101346602259,0.8457502482496358,0.3261311980112903,0.29593057555972513,-0.3365248808962978,0.697275097656755
0,1,0.976195453038998,0.63,1.4826032082928742,-0.9632473970109096,1.3073278086262536,0.06977349698377083,1.095332173426098,-0.21221229980092493,0.09422191308121877,0.6972492423171838,0.6752300811705723,-1.4352776042108635,0.21634879613651892
1,2,0.9109025842240026,1.0,0.47686062033851573,1.0853506147965435,0.42437295577956097,1.022855448146763,-0.9785909815958076,1.0316792316705974,-0.12288818506900186,0.04562970685493284,-0.556499774788773,0.8041699820500544,0.843025887608927
1,2,0.9486241588800276,0.8,0.9994751046215921,1.3928378593998636,0.23505880862853387,1.6902655733889511,2.029646872388892,-0.21221229980092493,-0.6242557236199531,1.4226370270770496,-2.4245538705939795,0.16380155051923737,2.2137749813279104
1,2,0.9560970598418433,0.66,0.6436028024980646,0.867650061028734,-0.20077575753906662,0.8301561985385832,1.443875352140734,0.642101346602259,0.8685266093438532,1.4226370270770496,0.4404339331863712,-0.721445577368951,0.6141611871715835
1,2,0.9622323372376939,0.62,0.11950967424982341,0.014037321363229115,0.3754084125403918,0.7482080476313633,1.9110327016221311,1.2868173395019873,1.481280522662098,0.8520714939294589,-0.052921848539954144,-1.299416121431032,0.4490087194779618
0,0,0.9968816889988477,0.43,-0.8772514639719854,-0.1246582726459355,0.28281845192406085,-2.006776770271253,-2.224039774646798,0.46171793284494866,0.8457502482496358,-0.47165875735549145,2.1516728255082156,-2.11482407902758,-2.5392412964284197
1,1,0.9502228616806336,0.92,0.6716922777304304,0.36972675497060015,0.30855008651426435,0.3738967696999383,1.4858465202582032,0.7576533290616105,-0.8252639081179262,0.6212041952017432,0.07364335924366855,1.359193359651638,0.20894895210545625
0,0,0.9385624785693387,0.48,-0.2538058543834106,-0.7351455418440702,0.9628799360172366,-1.2233209174975601,-1.1784102385028896,-0.21221229980092493,0.46996319612552484,-0.7653656758552486,0.2471225953874023,-2.11482407902758,-1.5532601358689802
0,1,0.9687279914863797,0.63,1.6592684435906981,0.4219935287102227,1.5557945250186989,-0.5281399424864723,-0.7623482241210203,-0.24935544540889562,1.8578574742021425,0.6972492423171838,0.7442810428737648,-0.24762306969048928,-0.053958003302876464
0,1,0.9458089422949811,0.47,1.432258053509137,0.36972675497060015,2.2385042850170462,-0.9156905395660253,-0.5305943827767334,-0.21221229980092493,1.2405749258328576,0.6972492423171838,0.7671616292347558,-1.4352776042108635,0.657333936433852
1,2,0.9613305268100675,0.68,1.7245134935045787,1.0510698573691555,0.9703260240402551,1.5733658881044401,1.9384052025683067,0.46171793284494866,1.2687499341874515,1.1726446266795818,-0.6396552688360339,-1.0511214629583103,1.533068614509883
0,1,0.9830535116770033,0.36,0.24278098378381469,-1.2295305694606058,0.5038385958398235,-0.8120415813289341,0.020505302939602173,0.0722376951669258,1.8627587325776584,-0.7084457304095593,1.297390612442496,-3.403002224912118,-1.3221870937976468
0,0,0.9859672850432037,0.38,1.0401218615440946,-1.5493984105438743,1.42622694484656,-1.509470268940965,-1.063445734528952,-0.21221229980092493,0.36424932143171396,-1.0877602468596328,1.8359754627431004,0.005196793446652558,-2.326830176899836
0,0,0.958233278960938,0.45,0.8180859751306732,-0.19881088837302718,0.9517654505960282,-1.626905939992114,-1.7222105906335785,-0.21221229980092493,-1.7930450302866323,0.2546397465315043,1.1463059404704627,0.16380155051923737,-1.0179093322543933
1,1,0.9830246350855542,0.89,0.5724532048034285,0.20178274799303278,0.736956367296034,0.4039925698043402,-0.2924536245450057,-0.21221229980092493,-0.8252639081179262,0.39853336861820726,-0.0020211041885737713,-0.721445577368951,0.039856913372281824
1,1,0.9513118005232033,0.62,-0.9999158704541704,1.0510698573691555,0.19098733115472885,-0.39563908980088197,-0.2805922074683295,-0.21221229980092493,0.24364284988991394,0.04562970685493284,-0.3132343399731044,-0.3365248808962978,-0.41248511506026236
0,0,0.9629961821912429,0.53,1.9305362333557354,0.2597525467194058,1.4791792748055108,-1.2353348157434612,-0.9995765656545422,1.2868173395019873,2.0953111401205233,0.8520714939294589,0.6520746418435466,0.08540068481412683,0.05981713333009676
0,0,0.9693133222564945,0.29,1.1599676165592692,-0.2765821067516372,2.0750723349821865,-1.7135618722689958,-1.4393614141897637,-0.21221229980092493,1.7930579278220573,-0.08915672396045982,1.6328044876673917,-1.9155422263308557,-1.7993193096066362
0,0,0.9549441893091799,0.65,2.5303334914658597,1.15177663379782,1.772916150837328,-1.4534142113460293,-0.9566929808388671,0.7576533290616105,1.9928434458281288,1.25506470768494,1.3613055837903238,-0.9363288719338067,-0.19068779990038626
0,0,0.9631445844730037,0.5,1.3199724394520693,-0.4445261137292046,1.8042641199688358,-1.8371751090438206,0.9292723343526325,-0.5851703089336792,0.01010019764926086,1.5077892654638,2.4755845430073395,-2.11482407902758,-2.098598495730642
1,1,0.9528888319651426,0.57,-0.5290104960120036,-2.1957072722661115,-1.2564947582737394,0.5902922366246043,-0.45395138012744174,3.321629488383002,-1.1002883968126078,-2.3991957899283154,-1.841226637647589,-1.1718122270402245,0.7796785937222532
1,2,0.9733584924629872,0.65,0.20207142120588334,0.7040199776136826,-0.001982006361652766,1.3950582104971823,0.8836514994423398,0.7348295861112532,-0.04031021555136753,0.9308486984262934,-0.6957015181436527,-0.6202193793009496,1.1232812136074284
1,2,0.9447049009178181,0.82,-0.40629419309194786,1.0853506147965435,-1.5491269794389306,1.19942904126026,-0.2532197065221539,-0.6015559134161814,-0.799675756852916,1.0911352648013546,-0.9543351481974107,1.9601110701742162,1.7062523129611236
1,1,0.9872625231253617,0.47,0.38997861959325747,0.9060614084416432,0.22792680693964534,0.4128955659978443,-0.18022637066568564,3.0254572809218203,1.3953714538818904,1.5077892654638,-0.6118165130825998,-1.0511214629583103,0.7988144535353844
0,1,0.9852208575352168,0.37,1.6913017065307714,0.2597525467194058,2.0708491777723297,-0.8858594762293868,-0.3490234598337686,1.7843834167262465,1.9617500609929308,1.0911352648013546,-0.26036753920755834,-1.1718122270402245,0.2480300323737881
0,2,0.9728010033416195,0.79,1.3500966118628384,-0.3583432991370441,1.068785870518979,1.2333372186279263,0.52050965355641,-0.21221229980092493,-0.386279238485044,0.9308486984262934,-1.0729044119739688,-1.0511214629583103,0.9577174003734108
0,1,0.8883713590632981,0.95,1.8065704236098736,1.8302884853926409,-0.5989784743485322,0.5200069401174301,-0.5159957156054398,-0.21221229980092493,-0.36557245273349426,1.1726446266795818,-1.1938942054382289,0.08540068481412683,1.1071791017673769
0,1,0.9369622707857276,0.65,2.0398513280490684,0.867650061028734,1.695475123370214,-0.4929746391563446,-0.12730620216974614,1.0737011358806903,1.232996126175879,1.6808258996186958,-1.3487724194875352,-1.0511214629583103,1.4814208448079713
0,0,0.970495794042923,0.53,-0.017918749867587666,-0.19881088837302718,1.3126267081797838,-1.1012964327194237,-0.3316875425678574,0.07907636852533205,0.30854559105540164,0.6212041952017432,2.1128087289597013,-0.8266459331430416,0.02211882215487286
0,1,0.9648017959082411,0.65,0.8018835770466758,-1.3814544035663068,0.4084754894313883,-0.933010100518768,-1.6108957534524642,-1.2652407359382893,0.7876839539903804,0.2546397465315043,1.6328044876673917,-0.3365248808962978,-0.8447342906537229
0,1,1.0,0.36,-0.3560340138012995,-0.7351455418440702,0.2045393836008594,-0.8325694244068635,-1.4393614141897637,0.14006267852677254,1.021284402233361,0.04562970685493284,0.34441423944080574,-0.5225483235846493,-0.7317980844921511
0,1,0.9799622891800088,0.67,1.1772513306207686,-0.9632473970109096,1.0217007003771008,-0.8574560511732732,-1.694838089687403,-2.098947002167742,0.01010019764926086,1.1726446266795818,2.0541998297499138,-0.4280822277495932,-1.21936516827716
0,1,0.972142271473324,0.46,0.48102195377762447,-0.4445261137292046,0.9335589796980295,-0.8727029243917942,-1.4211130802256466,-0.4017695734898563,0.01010019764926086,0.47184625835225513,1.8760516594085666,-2.659272225621487,-0.9907361649845722
0,1,0.9677696312657356,0.72,2.38265495867252,0.7040199776136826,1.2388217082187163,-0.24811720178558794,-0.061612199898924656,0.03785359882392006,0.5308846155181763,1.4226370270770496,-0.6118165130825998,-0.07694055427267435,0.6544535771046427
0,1,0.9618497686140542,0.38,1.4620996607308734,-0.9632473970109096,1.9974782923241765,-0.33131367744350787,-1.2714767417198867,0.2720959355697481,1.0422118119949695,0.3261311980112903,0.5116433499323776,-1.299416121431032,-0.10352646724152345
0,0,0.9617503828647663,0.45,0.8448741319405338,0.014037321363229115,0.9954986195580816,-1.1611787268728535,-0.8535898939416057,0.46171793284494866,0.46996319612552484,1.25506470768494,0.32021254331366417,-0.721445577368951,0.09933208286304127
1,1,0.9411552137630391,0.78,-0.9610467693688587,-1.2295305694606058,0.8405771730917657,-0.316717055817952,-1.1838847386921247,-0.21221229980092493,-0.36557245273349426,-0.3478009560656722,0.8580178435243604,-0.16115831672467945,-2.678447062814484
1,2,0.957230732330335,0.79,-0.46586420159781955,1.0160356166928368,-1.7536591762096174,1.1065758568203656,0.7321903275401681,-0.21221229980092493,-0.8252639081179262,0.5460698672134329,-0.5840985345508589,1.3007592989954977,0.8606138788367962
1,1,0.9615723315294914,0.68,-1.7993590596539588,-0.1246582726459355,0.5413677614347449,-0.11582610642314932,-0.1419048693410398,-0.6015559134161814,-0.9581951256709409,-1.8231659420179391,-0.8959140288048689,-0.5225483235846493,-0.44141044603024077
0,0,0.9886221382566134,0.4,-0.8573054176392879,-2.1957072722661115,-0.2863675249855989,-1.765865029415428,-1.6309689208129932,0.46171793284494866,1.0629289981151344,-1.8231659420179391,0.27156753211147633,0.31564777154103807,-1.6068654929234887
1,1,0.9759788514183904,0.95,0.08377377907806417,1.183979623670404,-0.25755234446936337,0.4245881300378049,-1.001401399050954,-0.21221229980092493,-0.8252639081179262,0.9308486984262934,0.09868564613984761,0.16380155051923737,0.35335234419183376
1,2,0.9433701461508983,0.83,1.1963620515896414,1.765218479900136,-0.7447160537684969,1.6950135708765584,1.9776391205911583,0.642101346602259,-0.46691747754784424,1.4226370270770496,-2.463501189048345,0.38929155431515833,2.0861100335640597
1,2,0.9220766876551455,0.9,0.3229815049133155,1.3066550448077032,-0.8406928782546539,1.8924360998265117,1.4529995191227925,0.46171793284494866,-0.8252639081179262,1.1726446266795818,-1.1330874544804521,1.2415901320067162,1.541667343889516
1,2,0.9633592086671446,0.96,1.180816642175369,0.4219935287102227,0.9076226802061216,1.316116048606096,1.961215620023453,-1.0366968242193562,-2.8438183072169894,1.0911352648013546,-0.10419825943128454,0.24051578441296462,0.537072703560327
0,1,0.9588693487615725,0.45,1.2430087558929466,-0.3583432991370441,1.7578599373558896,0.04148298293194445,-0.16015320330515687,-0.21221229980092493,2.2918200107842104,0.47184625835225513,-1.4437709188511754,-0.9363288719338067,0.6904592545681794
0,0,0.9743666973421512,0.31,0.40198585328455305,-3.300579569080781,0.074112762070336,-1.294956517751221,0.44477906760532415,-0.21221229980092493,-1.4177151664263847,-0.821374902173807,0.5352302962486778,-0.9363288719338067,-1.119027668337442
0,1,0.9696559493896534,0.73,2.299007932519362,0.36972675497060015,0.4347501449873368,0.052266749883033585,-1.0780444017002457,1.2371766421308457,1.2594009674266546,0.7742050085597559,-0.0020211041885737713,-0.07694055427267435,0.1567557252537512
1,1,0.981753331932596,0.3,-0.06105386575112811,-0.2765821067516372,-0.9261166206186829,-0.7273520127729485,-0.7878958916707842,-0.21221229980092493,0.8029391706105216,-1.3313776133671835,-0.027425033615307834,-1.299416121431032,-0.6114270855656294
1,1,0.9327923254060111,0.68,-0.5399134167200171,-0.19881088837302718,0.2045393836008594,0.2101757141906729,0.6774453256478169,-0.21221229980092493,-1.5968536246302802,-0.28450597673006556,0.46424588044735793,-0.6202193793009496,-0.2021994497430774
1,1,0.9657104477665239,0.73,-0.6000510661530397,-0.4445261137292046,0.15816930657732384,-0.23642427676971964,-0.9055976457393393,-0.21221229980092493,1.3011415575104421,-1.3313776133671835,-0.8380467015965908,0.7379111607058556,-0.11814404182255406
1,1,0.9626509464262152,0.72,-0.6597337437160743,0.9060614084416432,-2.4376737970078675,0.681409887354053,-0.14829178622848077,-0.21221229980092493,-1.3009770573316775,0.2546397465315043,-1.0729044119739688,2.11264707063472,1.2881294078513392
1,2,0.954154494976775,0.75,-0.147975765966722,-1.2295305694606058,-0.5829445340423873,0.8083564714019033,1.3161370143919144,0.36812051810860685,0.7279353218755003,-0.47165875735549145,-0.15585877939291692,0.16380155051923737,0.17424555814617101
1,2,0.9003383507283375,0.89,0.6635766925544265,1.8514012944922966,-0.3447269533537863,0.8843074254808607,0.0022569689754851005,-0.21221229980092493,0.09422191308121877,1.5938522229776824,-3.0940293842587607,1.1209307474316548,2.806030473106865
1,1,0.9707951460916103,0.68,-0.006855320555470627,0.2597525467194058,0.3135712180777145,-0.36282183321090766,-0.16197803670156857,-0.21221229980092493,0.4000927424901746,-1.712513568071519,-0.667616394516038,0.8694013481225966,-1.116213937946354
1,1,0.9431697918613271,0.63,-1.5242504014613627,0.14162489980376075,-2.25855806552709,-0.01328699889066901,-1.1911840722777716,-1.0366968242193562,-0.16919409382526182,-0.5918736821367875,-0.6396552688360339,-0.07694055427267435,0.28906404740697866
1,1,0.9808444837692352,0.67,-0.34687178667284174,0.6154419803267769,-0.6497174179194263,0.3776678066546361,-0.6820555546789052,-1.0366968242193562,-0.7003844510656587,-0.532221579309705,-0.36652241012903014,1.1209307474316548,-0.2265136222817181
1,2,0.97620115202481,0.86,-0.38086401414722465,0.9435688750345109,-0.4253004799599216,1.383129023171859,-0.321650958887593,-2.098947002167742,-1.7930450302866323,1.25506470768494,-0.4472668970600722,1.3007592989954977,0.4696426969457372
1,2,0.863544307018529,0.9,-0.12802971963402446,1.6973787190913927,-2.6901232416666034,0.862706063453561,0.2385728938108012,0.9244896767396169,-0.1412859746539823,0.47184625835225513,-1.1634116528914549,1.5860902810470476,1.3910595939035875
1,2,0.9648779708695688,0.65,-0.847472426133768,0.4726007564556621,-1.1560864777887918,1.184254280199445,0.876352165856693,-0.21221229980092493,-2.8438183072169894,0.3261311980112903,-0.6957015181436527,1.1209307474316548,0.6177546880353271
0,1,0.9870975122167076,0.56,1.708685372254712,0.4726007564556621,0.9321717895079253,-0.49269440163622535,-0.13460553575539297,1.5255043585683932,1.6960479114006568,0.6972492423171838,0.7442810428737648,0.6705747481356811,0.6349666151318404
1,2,0.9580428037221307,0.9,1.0087375468063073,1.5523702701638797,0.89889426240724,1.7864758869800443,1.2933265969367682,1.374527400571106,0.48638567336475097,1.25506470768494,-3.2801733167549014,0.7379111607058556,2.9026703369435856
0,0,1.0,0.52,0.43141777055447716,-1.9499920469099346,0.2841306061282376,-2.451317759569908,-1.5488514179744661,0.0722376951669258,0.6788579665575953,-0.8764734093652343,1.4876918829203607,0.6021063932779587,-1.9139131376296907
1,1,0.9723239558606186,0.63,-0.412748952189742,-0.9632473970109096,-0.9836298144842759,-0.316717055817952,-0.6729313876968467,-0.21221229980092493,0.01010019764926086,-1.0363046161767302,0.5821840892285185,0.38929155431515833,-0.6981384978023717
1,0,0.8814297061882518,0.9,-1.8876126506594464,-2.1957072722661115,-0.6210203138191404,-1.2939381758893447,-1.3298714104050613,0.7576533290616105,1.0128536146695493,-1.2366628241455562,0.32021254331366417,-1.9155422263308557,-1.6922849400794606
1,1,0.9440783852315358,0.48,-0.7903295637563915,-0.4445261137292046,1.0208983588492673,-0.23111861599178948,-0.015991364988631972,-0.21221229980092493,-1.7930450302866323,-0.4101852162741469,1.550184548293442,-0.6202193793009496,-0.5284724463472443
1,2,0.8945956737650509,0.91,0.19664343444799137,1.9529639065299405,-0.40514930557926404,1.7855391848167579,1.494058270542056,-0.21221229980092493,-1.1002883968126078,1.5077892654638,-0.8669121242892855,1.9082923351821497,1.920422293425295
1,2,0.9513642888335919,0.69,-1.3687367059850137,0.867650061028734,-1.6880599344132534,1.1065758568203656,1.088032839840451,0.46171793284494866,-1.7930450302866323,1.4226370270770496,-1.573021385129454,1.4169190501175248,1.1564756340471634
1,1,0.9776460537338798,0.64,-0.06337387205601944,-1.9499920469099346,0.400915433708497,-0.05149453809655332,1.5442411889433778,1.7497338954305641,-0.5373577429638535,-2.4702318818445357,0.39257996736964157,-1.299416121431032,1.6193221927228825
1,1,0.9718359061789545,0.84,-0.3317765143470006,-1.2295305694606058,0.24908230549123653,-0.041277580193460346,0.28875581221212315,-0.21221229980092493,0.2528225914658929,-1.2844755783199353,0.1485070729068463,-0.5225483235846493,-0.8501583710746384
1,2,0.8957689521480896,0.92,0.4138576004885094,1.5009466563399394,-1.4785666202426826,1.9310708921124127,1.1336536747507437,3.5958584082618943,0.32777191958665275,1.1726446266795818,-0.4472668970600722,1.2415901320067162,1.451904241969961
0,1,0.9307362672554657,0.52,1.1032839559647807,-1.0908349754514413,1.1488972719363224,-0.5935628565217481,-0.22767203897239002,-1.0366968242193562,1.0629289981151344,0.11438900095332556,0.3685364548053309,-0.4280822277495932,-0.6044470598771231
0,0,0.9870226904095191,0.6,-0.004656526791866754,-0.9632473970109096,-0.17285103530118517,-1.695294416848702,-1.3389955773871198,0.46171793284494866,0.027201278515800925,-2.0198812734782416,0.6055522945644501,-1.0511214629583103,-2.169080405347493
1,2,0.984779401873147,0.67,0.0062690379794012345,0.31568789235092903,-0.35196676678196265,0.9593046217881112,-0.5315067994749393,-0.6015559134161814,-0.16919409382526182,-0.9839382663666959,0.6288489275573552,1.4169190501175248,-0.10816419461140742
0,0,0.9694660764563361,0.55,0.8290821291548165,-1.0908349754514413,0.5317552388062021,-1.0314927374763403,-1.8043280934721053,-5.7931262080480606,0.6311272220912291,-0.47165875735549145,0.19798370228505288,-1.1718122270402245,-0.7022570406467189
1,2,0.9714699225615144,0.6,-0.5733169344338456,0.4726007564556621,-0.6922541365093224,1.0249624315076573,0.8964253332172217,-0.21221229980092493,0.32777191958665275,0.6972492423171838,-0.33982508634143566,1.2415901320067162,0.4376362501304138
0,1,0.973392826995098,0.55,1.8298741987178755,0.07910732685573385,1.6527421409067056,-0.8605010271397578,-0.23497137255803688,-0.21221229980092493,0.7279353218755003,0.39853336861820726,2.3625423452120344,-0.9363288719338067,-0.9828121127931788
1,1,0.9845111308855059,0.59,-0.1683072669078847,-1.7371438371736785,0.816522253928907,-0.27533278078382584,1.0424120049301584,-0.2270248818356463,1.1288577026154414,-0.022218868116328953,0.39257996736964157,-0.5225483235846493,-0.002344641517873155
0,0,0.935527404828989,0.52,0.241043374085887,-1.7371438371736785,-0.4461257302995391,-1.1842011982323692,-0.5497551334390564,-0.21221229980092493,1.113829373772164,0.11438900095332556,1.297390612442496,-1.9155422263308557,-1.8748285571461905
0,0,0.9545005655199587,0.65,0.5686388594789896,-2.8420161339883485,0.7104304913585002,-1.310264582625136,-0.5196453823982632,-0.21221229980092493,0.17504646199648796,0.04562970685493284,0.46424588044735793,-0.07694055427267435,-2.193331788857481
1,1,0.9723539288785742,0.62,-1.005587703235579,-0.19881088837302718,-1.2884308322389495,0.16624347016808838,-0.2805922074683295,0.46171793284494866,0.666403952047237,-0.532221579309705,-0.33982508634143566,-0.07694055427267435,-0.16035223996876993
1,1,0.9797658455987878,0.8,-0.2538058543834106,0.36972675497060015,-0.8819408679198881,0.48614929255736855,-0.677493471187876,-0.7695275901421872,-1.1448981793343107,-0.7653656758552486,-0.33982508634143566,1.359193359651638,0.055000004029892184
1,1,0.9645923095588457,0.5,-0.8523774347051132,-0.1246582726459355,0.5635151585930017,-0.3221179998834656,-0.2805922074683295,0.46171793284494866,1.0885362123117277,-0.4101852162741469,-0.8959140288048689,0.9336516237048823,-0.4390159007960437
0,2,0.958201893923727,0.87,-0.3287832763880025,0.9435688750345109,-2.119625110552767,0.9848047527250554,0.863578332081811,-0.2868749210868022,0.3424403920602423,0.1840590141788492,0.27156753211147633,-0.3365248808962978,0.12612755627350214
1,1,0.9391725015670194,0.85,0.13885070479071682,1.3928378593998636,-1.035981387580213,0.34932128498987636,-0.1437297027374515,0.0031472475851844492,0.32777191958665275,0.47184625835225513,-0.2867489047326927,1.3007592989954977,0.8306910588505116
1,2,0.9684248796477192,0.71,-0.147975765966722,-0.1246582726459355,-1.41519499062379,1.8070511419211728,1.4712478530869095,1.0316792316705974,-0.7003844510656587,1.338395507817429,-0.15585877939291692,1.359193359651638,2.0117474991328472
1,1,0.9737340287604416,0.72,-0.8523774347051132,-0.6322715403590082,0.010347444838303277,0.11204453049187403,0.17105405814356803,0.46171793284494866,-1.4177151664263847,-0.532221579309705,0.07364335924366855,0.4615322127414971,-0.31413112044160907
1,2,0.9173040155721214,0.72,-0.30513908061353134,1.0510698573691555,-1.1560864777887918,1.4642123148711503,0.4949619860066461,1.2868173395019873,-0.8252639081179262,0.39853336861820726,-0.8959140288048689,1.9082923351821497,1.0464959004382013
1,2,0.9391032826021531,0.52,-0.3499170056813775,0.6603461830854658,-1.41519499062379,1.3809396194600922,1.2239829278731231,-0.21221229980092493,1.0608666194074854,0.6972492423171838,-0.052921848539954144,0.6021063932779587,0.8053217121173942
1,1,0.9728153059153816,0.8,-0.2678156809996974,0.9802140241687342,-0.3894851601779615,0.6219541251049169,0.12999530672430462,0.913598078972975,1.4592861214541322,0.39853336861820726,0.7442810428737648,-0.07694055427267435,-0.02779824345108199
1,1,0.9530526906670429,0.63,0.046781289371533134,0.07910732685573385,1.2305636904099186,0.5516067085793445,0.9237978341633973,-0.21221229980092493,0.2528225914658929,1.0105366220502583,-0.3132343399731044,-0.16115831672467945,0.3336520767380227
1,1,0.982327394320999,0.67,-0.10603332753694629,-0.6322715403590082,0.4337201746293161,0.2705952875719853,0.7048178265939925,0.14006267852677254,0.1106422110939645,0.2546397465315043,-0.12997996577716855,0.24051578441296462,0.03894398317378096
1,2,0.9699835646160448,0.68,-0.20486110235261434,1.183979623670404,-0.39336440599471184,1.0857521828917363,0.23948531050900707,-1.0366968242193562,-0.851173526973192,1.25506470768494,-0.12997996577716855,1.1209307474316548,0.606947977065656
1,1,0.9704526737818105,0.59,-0.442295673587987,0.5216505890763011,-0.8568656560994355,0.0019157189654117374,-1.2660022415306516,-0.21221229980092493,1.6037855641630865,-0.022218868116328953,-0.6957015181436527,-0.16115831672467945,-0.1740763941600751
1,1,0.987795593424739,0.52,-0.7857048423190623,-0.4445261137292046,-0.5673131622660137,0.12070480982824675,0.006819052466514369,0.14006267852677254,2.3312010484341146,-1.8231659420179391,-0.23408902618478558,-0.4280822277495932,-0.33511505004106507
1,2,0.8546662005437734,0.99,0.09582111413839522,1.9725223578434044,-1.435610489754517,2.0220325204897294,1.307012847409856,-0.21221229980092493,0.01010019764926086,1.5077892654638,-1.3487724194875352,2.5468377694129316,1.9641188754325896
1,1,0.9514503503143129,0.67,-2.4472145128580487,-0.5356362700608086,0.5047589462504789,0.3369917981886333,0.6628466584765232,-0.6015559134161814,-1.898614571881558,-0.47165875735549145,-1.573021385129454,1.4739615241153665,0.4993970910623562
1,1,0.972304484845233,0.91,-0.23723665473507946,-1.2295305694606058,-0.4011961688741895,-0.6004445447912367,-0.8736630613021344,0.14006267852677254,0.5375438997534018,-0.3478009560656722,0.023290947556070377,-1.299416121431032,-0.4019004328121442
0,0,0.9402052975798524,0.58,1.0474198498778997,-0.19881088837302718,0.6630681958947962,-1.7993683210050642,-1.512354750046232,-2.098947002167742,0.01010019764926086,-1.2366628241455562,1.4667585034592627,-0.24762306969048928,-1.3666244288198142
0,0,0.967626883186453,0.59,0.49477538404002747,0.07910732685573385,0.4992163256166961,-1.0283195208229734,-0.8809623948877813,0.33638818536878856,1.2120096695134552,-0.22030027826732773,-0.26036753920755834,0.38929155431515833,-0.6237036738217476
1,1,0.9660813790574452,0.5,-1.9415794763446517,-0.4445261137292046,-1.6010417816018827,-0.24705304163053685,-0.5999380518403784,-0.21221229980092493,0.32777191958665275,-1.4666194037461413,-1.5080159640882924,0.38929155431515833,0.16128709567032343
1,2,0.9829779675095003,0.78,0.18936228128524632,0.9435688750345109,-0.45465486284763956,1.3207393409588726,0.04240330369654267,-1.0366968242193562,-0.8252639081179262,0.5460698672134329,-0.26036753920755834,0.6021063932779587,0.5272366635661497
1,1,0.9353429571584323,0.75,-0.5923431750274568,1.246497196618431,-1.33963366526836,0.6264629325453583,-0.18935053764774418,0.4923986433149515,0.38583004017039674,1.25506470768494,0.3685364548053309,1.4169190501175248,-0.17752422229210085
1,2,0.9774071284445309,0.82,0.3686304755095565,1.183979623670404,-0.7727035493027398,1.3078662394373286,0.9237978341633973,0.0031472475851844492,-1.0138632431150936,1.338395507817429,0.34441423944080574,0.9336516237048823,0.6058842505872419
0,1,0.9517273637898076,0.4,0.12922463185222274,-2.4863267003809777,1.1884669347157957,-0.9042865898338759,-0.4174547121992076,-0.21221229980092493,0.01010019764926086,-0.8764734093652343,1.6328044876673917,-0.6202193793009496,-1.979966386862985
1,1,0.9892054795833829,0.83,0.38846803436183136,0.07910732685573385,0.8114853253750153,0.35878651564063846,0.5497069878989973,0.46171793284494866,0.09422191308121877,-0.08915672396045982,-0.12997996577716855,0.7379111607058556,0.22480352711835422
1,1,0.9881359762615457,0.49,0.38846803436183136,0.6154419803267769,-0.36670395040198217,-0.8727029243917942,-0.1437297027374515,0.5650115692514434,-0.8747737931766446,-0.47165875735549145,0.1485070729068463,-0.07694055427267435,-0.029381963003912378
1,2,0.8412377516071035,0.99,1.0602703599540244,2.223781914992569,-0.7945519994444326,2.060147080363795,1.9639528701180706,0.642101346602259,1.1781756560775993,1.6808258996186958,-2.463501189048345,1.8031077701223006,2.7687493830962007
1,0,0.9404163382493546,0.99,0.38240391133242074,0.31568789235092903,1.0878209102605447,-1.5033581896705654,-0.7276763895891979,-0.21221229980092493,0.09422191308121877,0.04562970685493284,1.0145384422713293,0.5324470164903913,-1.947118794076212
